bank,review,rating,date,source,scrape_date
CBE,"before, it was nice. now it does not work and crash automatically",2,2026-04-14 13:25:34,Google Play,2026-04-15
CBE,Pls facilitate transfer to telebirr agent,3,2026-04-14 11:40:30,Google Play,2026-04-15
CBE,unpost,5,2026-04-14 00:27:09,Google Play,2026-04-15
CBE,Diriba Haile Degefa,5,2026-04-13 23:44:12,Google Play,2026-04-15
CBE,sestemaa siresun osoo manaa banki hindemne namnii barbade national id isa fayadamee osoo banachun danda'ame bayye nammati tola live event qabate,3,2026-04-13 22:57:32,Google Play,2026-04-15
CBE,፪፲፪፮,5,2026-04-13 22:18:46,Google Play,2026-04-15
CBE,I customer for commercial bank of Ethiopia I trade,5,2026-04-13 21:25:09,Google Play,2026-04-15
CBE,Awal Ali Awel,1,2026-04-13 19:48:34,Google Play,2026-04-15
CBE,good application,5,2026-04-13 18:00:41,Google Play,2026-04-15
CBE,good,5,2026-04-13 17:43:55,Google Play,2026-04-15
CBE,it's has an issue,1,2026-04-13 13:54:19,Google Play,2026-04-15
CBE,nice,5,2026-04-13 10:56:21,Google Play,2026-04-15
CBE,accessibility need to be taken seriously. There are people excluded because of inaccessible apps.,3,2026-04-13 04:21:53,Google Play,2026-04-15
CBE,"This application was not that great, and its performance has unfortunately declined further. For the past week, I have been unable to access my balance or transfer funds. This situation is causing considerable concern and inconvenience, as I cannot access my money in a timely manner. This has resulted in late payments and a loss of confidence and trust. Furthermore, I have not received a response to my message to the customer support team.",1,2026-04-12 18:10:48,Google Play,2026-04-15
CBE,🤙,5,2026-04-12 04:34:57,Google Play,2026-04-15
CBE,I can't download this app please assist how it can be downloaded,1,2026-04-12 02:30:52,Google Play,2026-04-15
CBE,"my favorite so far, but, how come we are not able to download the app and fix our problem ourselves? it is not fair to go to the bank and fix it for you? please think about it. Thank you",5,2026-04-11 23:03:49,Google Play,2026-04-15
CBE,lulit tukka giro,5,2026-04-11 19:44:20,Google Play,2026-04-15
CBE,Enough good even it hasn't transferring for other telebirr users,5,2026-04-11 16:08:36,Google Play,2026-04-15
CBE,not good not bad.,3,2026-04-11 13:52:50,Google Play,2026-04-15
CBE,easy fast helpful for our business,5,2026-04-11 12:25:06,Google Play,2026-04-15
CBE,bad strresing,1,2026-04-11 08:35:27,Google Play,2026-04-15
CBE,cool,5,2026-04-11 07:48:06,Google Play,2026-04-15
CBE,100%100 Fast and Amazing app !! 🏆🏆🏆🏆🏆🏆🏆🏆 💞🌷🇪🇹,5,2026-04-10 22:14:08,Google Play,2026-04-15
CBE,Not that happy at this app,3,2026-04-10 17:57:34,Google Play,2026-04-15
CBE,my proud service app.,5,2026-04-10 17:40:22,Google Play,2026-04-15
CBE,Best,5,2026-04-10 15:54:54,Google Play,2026-04-15
CBE,crush alot,1,2026-04-10 10:42:13,Google Play,2026-04-15
CBE,itii fayadamaa namaa fayadaa kuniin,5,2026-04-10 01:28:52,Google Play,2026-04-15
CBE,good app,5,2026-04-09 21:30:15,Google Play,2026-04-15
CBE,Musxafaa,5,2026-04-09 18:03:22,Google Play,2026-04-15
CBE,well expriences,5,2026-04-09 14:56:14,Google Play,2026-04-15
CBE,great 👍,5,2026-04-09 12:01:22,Google Play,2026-04-15
CBE,I had good time with CBE,5,2026-04-09 09:44:53,Google Play,2026-04-15
CBE,crashes every time you need to update this app ASAP.. i will be changing bank if tjis continues,1,2026-04-09 06:55:06,Google Play,2026-04-15
CBE,Good,5,2026-04-09 04:00:29,Google Play,2026-04-15
CBE,easy and fast,5,2026-04-08 22:38:22,Google Play,2026-04-15
CBE,very nice,5,2026-04-08 21:34:27,Google Play,2026-04-15
CBE,its good,5,2026-04-08 15:56:43,Google Play,2026-04-15
CBE,this app is very good,5,2026-04-08 15:22:52,Google Play,2026-04-15
CBE,በጣም ጥሩ ነው,4,2026-04-08 10:33:43,Google Play,2026-04-15
CBE,deduction but no transaction. not good,3,2026-04-08 05:01:21,Google Play,2026-04-15
CBE,Easy to use and reliable.,5,2026-04-07 23:30:53,Google Play,2026-04-15
CBE,difficult to see our transactions after aweek,1,2026-04-07 18:46:09,Google Play,2026-04-15
CBE,👍👍,5,2026-04-07 16:35:50,Google Play,2026-04-15
CBE,Good bank,5,2026-04-07 12:26:56,Google Play,2026-04-15
CBE,swift,5,2026-04-07 07:26:17,Google Play,2026-04-15
CBE,best,5,2026-04-07 06:13:01,Google Play,2026-04-15
CBE,it is wel,5,2026-04-07 01:42:13,Google Play,2026-04-15
CBE,fully functional greate application it makes payment and transaction easier,5,2026-04-06 16:29:20,Google Play,2026-04-15
CBE,it's best for everyone,5,2026-04-06 13:56:01,Google Play,2026-04-15
CBE,good jobs,5,2026-04-06 12:47:57,Google Play,2026-04-15
CBE,am happy using it.But why does it need continuous updates?,5,2026-04-06 10:30:35,Google Play,2026-04-15
CBE,Good job,5,2026-04-06 04:20:55,Google Play,2026-04-15
CBE,wow,5,2026-04-05 13:31:11,Google Play,2026-04-15
CBE,good 👍,5,2026-04-05 11:52:22,Google Play,2026-04-15
CBE,Thank you for your service.,1,2026-04-05 09:58:06,Google Play,2026-04-15
CBE,WOW!,4,2026-04-04 23:44:17,Google Play,2026-04-15
CBE,i have more experience,5,2026-04-04 22:37:05,Google Play,2026-04-15
CBE,i like this app,5,2026-04-04 20:14:18,Google Play,2026-04-15
CBE,I love this app,5,2026-04-04 15:41:43,Google Play,2026-04-15
CBE,it is not working,1,2026-04-04 13:13:10,Google Play,2026-04-15
CBE,the app freezes sometimes and crashing,1,2026-04-04 11:47:31,Google Play,2026-04-15
CBE,for active payment it's number one chose,5,2026-04-04 10:46:15,Google Play,2026-04-15
CBE,"What a nasty Update is this !. May I say 'Events cast their shadow before happenings'. Trust, value, Bank's 'n' Customers' financial property, such like things, at risk once again(the State owned Bank experienced some months ago due to app development issues or some other unknown reasons. Unable to see my own current balance due to a hidden page being displayed, stacked transaction history since March 26th, among others. Is that a Banking app being developed by Professionals ?.",1,2026-04-04 06:46:57,Google Play,2026-04-15
CBE,Very good Service provider bank,5,2026-04-04 02:20:03,Google Play,2026-04-15
CBE,nice app keep it up🤝🤝,5,2026-04-03 21:26:08,Google Play,2026-04-15
CBE,very much for your information 👋,5,2026-04-03 19:47:13,Google Play,2026-04-15
CBE,bad👎,1,2026-04-03 17:27:53,Google Play,2026-04-15
CBE,so nice to me,5,2026-04-03 08:00:59,Google Play,2026-04-15
CBE,good update,5,2026-04-02 21:59:06,Google Play,2026-04-15
CBE,It's a good improvement. the app,5,2026-04-02 20:13:56,Google Play,2026-04-15
CBE,Excellent,5,2026-04-02 18:27:30,Google Play,2026-04-15
CBE,ok,5,2026-04-02 15:00:51,Google Play,2026-04-15
CBE,"This app is very unreliable—slow, frequently crashes, and fails to sync properly. Transactions don’t reflect accurately; I transferred money that was deducted but never received, with no record in recent activity. It often stops working and takes too long to update. Reinstalling doesn’t help. You even have to visit a branch for it to start working, which is unacceptable today. The problem is even worse outside Ethiopia.",1,2026-04-02 06:19:50,Google Play,2026-04-15
CBE,not working,5,2026-04-01 23:56:36,Google Play,2026-04-15
CBE,it's fast and easy nice,5,2026-04-01 22:38:45,Google Play,2026-04-15
CBE,girms,5,2026-04-01 16:26:07,Google Play,2026-04-15
CBE,"this platform is very useful for exchanging payment ,than *889#(it's slower ).🙏🙏",5,2026-04-01 15:15:10,Google Play,2026-04-15
CBE,Good app,5,2026-03-31 19:56:05,Google Play,2026-04-15
CBE,very excellent application the number one bank of Ethiopia thanks,5,2026-03-31 19:25:17,Google Play,2026-04-15
CBE,I can't use the app months ago. It stopped working with Mobile data and WiFi. I didn't know the cause. Why this app is not compatible with Android 8?,3,2026-03-31 19:18:25,Google Play,2026-04-15
CBE,"very nice app, but charge more.",5,2026-03-31 12:20:08,Google Play,2026-04-15
CBE,Why mobile Banking is not functional?,2,2026-03-31 10:35:43,Google Play,2026-04-15
CBE,does this app support international transactions,3,2026-03-31 08:57:40,Google Play,2026-04-15
CBE,i use CBE almost more than 5 years,3,2026-03-30 22:39:12,Google Play,2026-04-15
CBE,this app essential app on this time,5,2026-03-30 21:30:47,Google Play,2026-04-15
CBE,"After update not working at all, I live in abroad.",1,2026-03-30 20:25:27,Google Play,2026-04-15
CBE,best app,5,2026-03-30 19:53:24,Google Play,2026-04-15
CBE,it is not well functional. It always sluggish and poor application. n Not interested because always straggling .,1,2026-03-30 17:19:52,Google Play,2026-04-15
CBE,best bank ever,5,2026-03-30 15:14:12,Google Play,2026-04-15
CBE,Pleas allow self service on Mobile banking.,5,2026-03-29 16:43:45,Google Play,2026-04-15
CBE,saved transactions doesn't work properly it doesn't show transactions before a month only shows recent transactions even after I set filter date range,1,2026-03-29 13:03:47,Google Play,2026-04-15
CBE,easygoing & Convenient to use.,5,2026-03-29 05:46:05,Google Play,2026-04-15
CBE,Thank you,5,2026-03-28 18:52:04,Google Play,2026-04-15
CBE,excellent,5,2026-03-28 12:49:39,Google Play,2026-04-15
CBE,It charges high amount of service charge.,1,2026-03-28 10:24:24,Google Play,2026-04-15
CBE,melkam new,4,2026-03-27 23:03:00,Google Play,2026-04-15
CBE,የሚተማመኑበት ባንክ,5,2026-03-25 21:10:40,Google Play,2026-04-15
CBE,Very good service all times,5,2026-03-25 20:24:13,Google Play,2026-04-15
CBE,ohh very useful and easy for use,5,2026-03-25 18:29:06,Google Play,2026-04-15
CBE,so nice,5,2026-03-24 17:27:29,Google Play,2026-04-15
CBE,it nice and fast but usually it bad the connection by 4g network it still bad,4,2026-03-24 10:34:37,Google Play,2026-04-15
CBE,not work app,5,2026-03-23 20:36:54,Google Play,2026-04-15
CBE,nice App,5,2026-03-22 16:07:25,Google Play,2026-04-15
CBE,CBE is my beast one for any transactions,5,2026-03-22 08:13:29,Google Play,2026-04-15
CBE,very good,5,2026-03-22 04:10:40,Google Play,2026-04-15
CBE,I Am Proud Of CBE Period!!!,5,2026-03-22 02:07:15,Google Play,2026-04-15
CBE,digital banking,5,2026-03-21 18:50:19,Google Play,2026-04-15
CBE,it is very good service you are giving,5,2026-03-21 18:48:37,Google Play,2026-04-15
CBE,ps fast and easy,5,2026-03-21 11:52:38,Google Play,2026-04-15
CBE,nice app for me,3,2026-03-21 10:46:43,Google Play,2026-04-15
CBE,vibe,4,2026-03-21 07:29:29,Google Play,2026-04-15
CBE,Tajajilli keessan dubati Hafadha አገልግሎታችሁን ዱባቲ ሀፋድህን አቆይ Your service will stay behind,1,2026-03-21 06:20:22,Google Play,2026-04-15
CBE,ገላግሌ ብየዋለው ጥድት ያለ አፕ,5,2026-03-20 20:37:02,Google Play,2026-04-15
CBE,best app i like it,5,2026-03-20 19:45:41,Google Play,2026-04-15
CBE,it is really very poor application. i've ever experienced.,1,2026-03-20 12:31:44,Google Play,2026-04-15
CBE,wow ✌️,5,2026-03-19 18:53:32,Google Play,2026-04-15
CBE,EASY & SIMLPE TO MANIPULATE. COGRATS !!,4,2026-03-19 15:50:11,Google Play,2026-04-15
CBE,zewediesh,4,2026-03-19 14:46:03,Google Play,2026-04-15
CBE,nice app,4,2026-03-19 09:30:25,Google Play,2026-04-15
CBE,Perfect App,5,2026-03-19 08:54:30,Google Play,2026-04-15
CBE,🆗 g,5,2026-03-19 07:32:51,Google Play,2026-04-15
CBE,the best app of mobile banking,5,2026-03-18 23:15:52,Google Play,2026-04-15
CBE,ዝም ብሉ ይዞራል 😡😡😡,3,2026-03-18 17:12:23,Google Play,2026-04-15
CBE,the bank You can always relay on!,5,2026-03-18 14:38:10,Google Play,2026-04-15
CBE,"Why does this welcome notification appear every time the app is opened? It doesn’t add value in its current form, so please consider removing it. Alternatively, you could adjust it to appear only occasionally.",4,2026-03-17 20:57:51,Google Play,2026-04-15
CBE,10Q U,5,2026-03-17 19:44:28,Google Play,2026-04-15
CBE,very interesting,5,2026-03-17 18:14:20,Google Play,2026-04-15
CBE,"it cant accomidate more than 2 accounts,every time i subscribe for my 3r account it vanish.",3,2026-03-17 12:35:00,Google Play,2026-04-15
CBE,it's so disgusting my phone is s9+ android of 8/9 and this application still doesn't work for my phone fix it sooner as possible !,1,2026-03-17 10:00:31,Google Play,2026-04-15
CBE,This app is by far one of the useless apps. It keep on sating can't sync and unable to do transfers. please for God sake fix it,1,2026-03-17 05:15:24,Google Play,2026-04-15
CBE,ልስን,4,2026-03-17 00:49:28,Google Play,2026-04-15
CBE,new app,5,2026-03-17 00:32:08,Google Play,2026-04-15
CBE,Nice,5,2026-03-17 00:06:25,Google Play,2026-04-15
CBE,it can't showed transaction history perfectly,1,2026-03-16 23:40:58,Google Play,2026-04-15
CBE,it have to be work on all smart phone ratherthan limitted by version,1,2026-03-16 23:33:02,Google Play,2026-04-15
CBE,All right 👍,5,2026-03-16 17:59:36,Google Play,2026-04-15
CBE,you can transfer br,5,2026-03-16 17:30:18,Google Play,2026-04-15
CBE,well,5,2026-03-16 14:30:46,Google Play,2026-04-15
CBE,not properly work,2,2026-03-16 14:25:14,Google Play,2026-04-15
CBE,proud of CBE. CBE is my everyday day choice and confidence.,5,2026-03-15 15:55:23,Google Play,2026-04-15
CBE,It would be great if you could add tele birr agent to the transfer to wallet.,2,2026-03-15 03:40:13,Google Play,2026-04-15
CBE,love,5,2026-03-15 01:10:36,Google Play,2026-04-15
CBE,"To the CBE: I opened my account 8 years ago while working as a government employee in Harerghe. Now I live in Addis Ababa, yet my account has been frozen without any explanation. I contacted nearby branches and even the head office, and all I was told is that I must go to the branch where I originally opened my account-over 400 km away. How is this fair/legal? Expecting a customer to travel over 400km just to reactivate an account is unreasonable and shows a total disregard for customer rights.",3,2026-03-14 22:06:54,Google Play,2026-04-15
CBE,"it's good, but sometime the app can not be fast and it will need upgraeds.....?",4,2026-03-14 20:29:26,Google Play,2026-04-15
CBE,I gone to cbe branch more times as I updated or re installed it because it asks verfication no. after reinstallation or updation tis costy for you,4,2026-03-14 13:22:01,Google Play,2026-04-15
CBE,wonderful Pp,5,2026-03-14 12:59:40,Google Play,2026-04-15
CBE,l want Mobile banks code,5,2026-03-13 23:44:11,Google Play,2026-04-15
CBE,My application are not working,5,2026-03-13 19:03:32,Google Play,2026-04-15
CBE,its good customer support,4,2026-03-13 18:41:06,Google Play,2026-04-15
CBE,Can't active now,3,2026-03-13 16:18:33,Google Play,2026-04-15
CBE,this app is really make me excited 😊,5,2026-03-13 14:07:46,Google Play,2026-04-15
CBE,Easy to use and best way for online transactions in Ethiopia.,4,2026-03-12 23:48:45,Google Play,2026-04-15
CBE,ቸርነት ገበየሁ,5,2026-03-12 11:55:21,Google Play,2026-04-15
CBE,"False advertising regarding Virtual Mastercard/Visa 😓😢😓 The latest update claims to support Mastercard and Visa cards, but this is completely false. The features are either missing or do not work at all. It is shameful for a leading bank to mislead its customers with ""new features"" that aren't actually available. Fix the bugs or stop making false promises.",1,2026-03-12 10:24:57,Google Play,2026-04-15
CBE,thanks for my custom,5,2026-03-12 01:27:30,Google Play,2026-04-15
CBE,is good always not work not access.,2,2026-03-11 15:58:44,Google Play,2026-04-15
CBE,perfect 👌,5,2026-03-11 12:20:38,Google Play,2026-04-15
CBE,Baankiin Daldala Itoophiyaa nuuf qabeenya guddaa tahuu hin dagatinaa Mata duree ykn Handhuura baankii hundaati,5,2026-03-11 10:59:21,Google Play,2026-04-15
CBE,The worst Application,1,2026-03-10 20:36:21,Google Play,2026-04-15
CBE,keepup the good work thanks,5,2026-03-10 19:11:27,Google Play,2026-04-15
CBE,it good,5,2026-03-10 18:51:35,Google Play,2026-04-15
CBE,loved,5,2026-03-10 15:40:29,Google Play,2026-04-15
CBE,❤,5,2026-03-10 10:31:46,Google Play,2026-04-15
CBE,dashing Bank,5,2026-03-10 02:19:26,Google Play,2026-04-15
CBE,exellent app!!!!!,5,2026-03-09 17:40:20,Google Play,2026-04-15
CBE,it's good,3,2026-03-09 16:20:53,Google Play,2026-04-15
CBE,easy to use,5,2026-03-09 16:09:51,Google Play,2026-04-15
CBE,Very Good service,5,2026-03-09 01:29:13,Google Play,2026-04-15
CBE,The most dictator app in the banking industry. you beg for your own amount.,1,2026-03-09 01:12:42,Google Play,2026-04-15
CBE,Very good,5,2026-03-08 23:09:22,Google Play,2026-04-15
CBE,ጥሩ ነው,5,2026-03-08 12:06:29,Google Play,2026-04-15
CBE,ቀርፋፋ ነዉ,2,2026-03-08 01:13:48,Google Play,2026-04-15
CBE,their is no option to write the code and it is not functioning and i can't find the setting,1,2026-03-07 19:49:41,Google Play,2026-04-15
CBE,I like it,4,2026-03-07 13:57:39,Google Play,2026-04-15
CBE,slowing on connection.,3,2026-03-07 13:13:55,Google Play,2026-04-15
CBE,please release an app which can work for all android versions.,1,2026-03-07 11:11:40,Google Play,2026-04-15
CBE,"The previous application is good, but currently, after updating the application, everything is not working properly.",1,2026-03-07 01:16:49,Google Play,2026-04-15
CBE,first bank itoophiyaa nigd bank,5,2026-03-06 23:43:11,Google Play,2026-04-15
CBE,heddu gaalatoma,5,2026-03-06 22:59:58,Google Play,2026-04-15
CBE,"Did you know that if you open and hide your balance amount, it's font size will grow untill you can make it grow anymore because the Eye thingy will disappear (😭😭🫠)",4,2026-03-06 16:59:20,Google Play,2026-04-15
CBE,this is best app,4,2026-03-06 16:44:43,Google Play,2026-04-15
CBE,"sometimes it shows ""the app is not configured to the latest"" message. Version 5.2 4",3,2026-03-06 09:52:48,Google Play,2026-04-15
CBE,"Due to app version is to long ,this app is more lost money for new phone,im sory the new CBE app developper!",1,2026-03-06 00:55:58,Google Play,2026-04-15
CBE,I am using most of my financial things smoothly.,5,2026-03-05 19:33:46,Google Play,2026-04-15
CBE,ወደ ቴሌ ለማስተላለፍ ዕምብ አለ,5,2026-03-05 17:22:56,Google Play,2026-04-15
CBE,nic,5,2026-03-05 15:09:52,Google Play,2026-04-15
CBE,Excellent app,5,2026-03-05 13:11:52,Google Play,2026-04-15
CBE,I like this apk and also I can accessed it wel!,5,2026-03-05 10:12:26,Google Play,2026-04-15
CBE,This app is not working on samsung j6 devices this is not fair we can't afford to buy new devices so u have to make work on this devices to?,1,2026-03-04 20:15:57,Google Play,2026-04-15
CBE,it's very good apps I like it,5,2026-03-04 19:45:11,Google Play,2026-04-15
CBE,Good work,5,2026-03-04 12:02:20,Google Play,2026-04-15
CBE,"Good app, Thanks",5,2026-03-04 11:51:33,Google Play,2026-04-15
CBE,my choice,5,2026-03-04 02:46:14,Google Play,2026-04-15
CBE,strong 💪,5,2026-03-03 23:11:02,Google Play,2026-04-15
CBE,Your app is not working for android version 8. pls make it available!!,2,2026-03-03 11:46:13,Google Play,2026-04-15
CBE,I couldn't pay/transfer to my loan account. Would you mind updating your system?,3,2026-03-03 10:55:06,Google Play,2026-04-15
CBE,it is good important applications gofowards cbe,5,2026-03-03 10:15:30,Google Play,2026-04-15
CBE,sestem esy,1,2026-03-03 05:52:56,Google Play,2026-04-15
CBE,account not raning,5,2026-03-03 04:02:36,Google Play,2026-04-15
CBE,bergit koranibachihu fetan agelgilot eyagegnen new.....💪,5,2026-03-03 01:26:15,Google Play,2026-04-15
CBE,bad,1,2026-03-02 21:21:59,Google Play,2026-04-15
CBE,አጸልኬሺን,1,2026-03-02 20:31:26,Google Play,2026-04-15
CBE,"WOW, The bank I trust most",5,2026-03-02 12:14:01,Google Play,2026-04-15
CBE,"I’m really glad you find the app useful, secure, and reliable.",5,2026-03-02 06:47:01,Google Play,2026-04-15
CBE,wonderful,5,2026-03-02 05:50:35,Google Play,2026-04-15
CBE,good application thanks very much,5,2026-03-02 02:01:38,Google Play,2026-04-15
CBE,unbile to connect eyale aschegeren,1,2026-03-01 21:26:12,Google Play,2026-04-15
CBE,it doesn't work,1,2026-03-01 18:38:37,Google Play,2026-04-15
CBE,CBE app is great app,1,2026-03-01 18:16:02,Google Play,2026-04-15
CBE,great,5,2026-03-01 17:29:08,Google Play,2026-04-15
CBE,amazing and easy to use i buy it 💪💪💪,5,2026-03-01 15:21:07,Google Play,2026-04-15
CBE,very Good service,5,2026-03-01 05:24:59,Google Play,2026-04-15
CBE,302026 NDE,3,2026-03-01 02:11:47,Google Play,2026-04-15
CBE,As,5,2026-02-28 22:59:07,Google Play,2026-04-15
CBE,except some drawbacks it is an excellent app. e.g. it doesn't make a reciept for personal expenditures.,4,2026-02-28 21:21:01,Google Play,2026-04-15
CBE,it is the worst app ever ...you can even generate a transaction statement,1,2026-02-28 15:56:28,Google Play,2026-04-15
CBE,arifa nw gin dark mode chemrubeta,4,2026-02-28 03:57:16,Google Play,2026-04-15
CBE,one of the fastest mobile banking app.,5,2026-02-27 13:54:36,Google Play,2026-04-15
CBE,Wow great apps thanks for your service👏,5,2026-02-27 13:25:46,Google Play,2026-04-15
CBE,fastest app,5,2026-02-27 08:13:00,Google Play,2026-04-15
CBE,ver 👍good,5,2026-02-27 05:28:08,Google Play,2026-04-15
CBE,Impose for me as work by less network,2,2026-02-26 23:25:52,Google Play,2026-04-15
CBE,gooda,5,2026-02-26 10:17:14,Google Play,2026-04-15
CBE,"The app is great, but I don't like the confirmation text showing my balance.",5,2026-02-26 08:10:13,Google Play,2026-04-15
CBE,after the the recent update the app not responding.,1,2026-02-26 06:35:15,Google Play,2026-04-15
CBE,"It is excellent app which perform very well. it is easier, secure and fast.",5,2026-02-25 22:51:18,Google Play,2026-04-15
CBE,not working without data,4,2026-02-25 20:48:21,Google Play,2026-04-15
CBE,The best application I have seen ever,5,2026-02-25 12:09:48,Google Play,2026-04-15
CBE,good expiriance love it,5,2026-02-25 10:24:32,Google Play,2026-04-15
CBE,very good application i like it,5,2026-02-25 09:16:21,Google Play,2026-04-15
CBE,it's just funny,1,2026-02-25 00:33:07,Google Play,2026-04-15
CBE,keep going on !,3,2026-02-25 00:11:23,Google Play,2026-04-15
CBE,"The last update has some serious issues. I can't even check my account balance, or see recent transactions, let alone make new transactions.",1,2026-02-24 23:48:27,Google Play,2026-04-15
CBE,abdiisss fayiisaa,5,2026-02-24 21:58:46,Google Play,2026-04-15
CBE,woe nice ... To be continue,4,2026-02-24 18:49:21,Google Play,2026-04-15
CBE,በጣም የተመሰገነ አኘ,5,2026-02-24 11:35:55,Google Play,2026-04-15
CBE,I like is app,5,2026-02-23 19:17:54,Google Play,2026-04-15
CBE,ምርጥ,5,2026-02-23 13:36:34,Google Play,2026-04-15
CBE,good app for money services,5,2026-02-23 06:51:05,Google Play,2026-04-15
CBE,ቅልጥፍጥፍ ያለ አሰራር በመሆኑ በዚሁ ቀጥሉ,5,2026-02-22 23:35:19,Google Play,2026-04-15
CBE,it is best for me,5,2026-02-22 23:10:44,Google Play,2026-04-15
CBE,"As you know most of your subscribers use lowest android version,so in the case of updated 2026 app, you lost your digital customers.Even Ethiotelecom tries button Mobiles as use some android applications to satisfy his customers.",1,2026-02-22 17:42:25,Google Play,2026-04-15
CBE,it is the worst one ever seen in my life because unless you have updated it can not work completely and if you update it you must go to the nearest bank always for that i give it one star,1,2026-02-22 17:32:49,Google Play,2026-04-15
CBE,good App 👍 thank you,5,2026-02-22 01:53:18,Google Play,2026-04-15
CBE,I had been using mobile banking since many years but my pin blocked and went to the opening bank which is Aware branch they made it good and I confirmed the new pin when I reached home and try to access with no reason it blocked it so I went again and they give another one and we agreed and I confirmed the new one but the same thing happened again to your knowledge since I have fallen down and broke my ball from the the Ball and socket and having surgery I walk with the help cane. so please help,5,2026-02-21 20:25:41,Google Play,2026-04-15
CBE,"fast, sharp and perfect",5,2026-02-21 19:34:53,Google Play,2026-04-15
CBE,retarded app,1,2026-02-21 16:21:09,Google Play,2026-04-15
CBE,ገንዘብ የለንም,5,2026-02-21 11:40:24,Google Play,2026-04-15
CBE,the app.is very nice,5,2026-02-21 11:31:27,Google Play,2026-04-15
CBE,Good. I like the last chenge you made on the order of numbers on the password keyboared. it helps the user be more conscious of what he is doing and other people would not assume or guess passwords from the patterns of the regular number keyboared,5,2026-02-21 11:22:19,Google Play,2026-04-15
CBE,it is exelent app,1,2026-02-21 02:54:10,Google Play,2026-04-15
CBE,please fix the up. I can't open or update. thank you,3,2026-02-20 23:59:12,Google Play,2026-04-15
CBE,Safe easy to use,5,2026-02-20 23:31:44,Google Play,2026-04-15
CBE,CBE application is good.,4,2026-02-20 20:38:21,Google Play,2026-04-15
CBE,baste application in the world.,5,2026-02-20 15:44:50,Google Play,2026-04-15
CBE,the best payment method 👌,5,2026-02-20 12:29:00,Google Play,2026-04-15
CBE,"The app needs a major update for transparency and usability. ​Show Fees First: Currently, the app hides the total cost until after the transaction is finished. For example, if I transfer 10 ETB, I only see the extra 11.50 ETB in fees on the receipt after the money is gone. We must see the Commission + VAT before clicking confirm. ​Cardless ATM Withdrawal: Please add a feature to order cash withdrawals from CBE ATMs directly through the app without needing a physical card. ​",2,2026-02-20 09:50:56,Google Play,2026-04-15
CBE,its going well,5,2026-02-20 08:40:14,Google Play,2026-04-15
CBE,i give for this app 5 stars it's fine and best application for all,5,2026-02-20 03:44:16,Google Play,2026-04-15
CBE,👍,5,2026-02-20 00:51:38,Google Play,2026-04-15
CBE,this is the baddest app I have ever used!,1,2026-02-19 23:20:34,Google Play,2026-04-15
CBE,😍,5,2026-02-19 19:34:27,Google Play,2026-04-15
CBE,it is good app recently get doesn't show me my price even not transfer to wallet and other bank though,4,2026-02-19 17:44:18,Google Play,2026-04-15
CBE,The app was useful but it doesn't show commission prior to making transfer. I found it CHEATING. I recently transferred to other bank without knowing the commission to be deducted from my account and guest what 90 BIRR. Are you kidding me? This app is robbing us. IT MUST SHOW COMMISSION BEFORE CONFIRMATION. I want to use your service only if I agree with your commission,1,2026-02-19 12:24:58,Google Play,2026-04-15
CBE,accessibility on iphone is very bad I go two times a month to reset because of sync issues it's very terrible honestly very dissatisfied I suggest they work on iphone compatibility,1,2026-02-19 11:28:17,Google Play,2026-04-15
CBE,good apps,4,2026-02-18 21:00:45,Google Play,2026-04-15
CBE,verry usefull,5,2026-02-18 15:06:39,Google Play,2026-04-15
CBE,fix the bug there's a bug it's not letting me see or transfer my balance,5,2026-02-18 13:46:06,Google Play,2026-04-15
CBE,please update and play working apk,5,2026-02-17 20:29:18,Google Play,2026-04-15
CBE,very nice App,5,2026-02-17 19:48:36,Google Play,2026-04-15
CBE,"Great App!!! Some times it may become busy,but that is not Problem of the company that type of problem is network case....",5,2026-02-17 19:09:25,Google Play,2026-04-15
CBE,it's nice app for me,5,2026-02-17 16:10:57,Google Play,2026-04-15
CBE,I like it very much.Thank you,5,2026-02-17 15:35:29,Google Play,2026-04-15
CBE,good👍,5,2026-02-17 13:49:49,Google Play,2026-04-15
CBE,great app,5,2026-02-16 13:27:58,Google Play,2026-04-15
CBE,the latest update makes the keyboard unpleasant and confusing.,1,2026-02-16 12:18:44,Google Play,2026-04-15
CBE,very nice app,5,2026-02-16 12:10:37,Google Play,2026-04-15
CBE,best 👍,5,2026-02-16 11:42:04,Google Play,2026-04-15
CBE,technitional,5,2026-02-16 06:49:46,Google Play,2026-04-15
CBE,it a best app,5,2026-02-16 01:54:09,Google Play,2026-04-15
CBE,"since the application updated, i couldn't use the it properly . now it stucked and loading but not working I was even trying to contact thru online help/chat box on the app, but no one's responding. such a poor service.",1,2026-02-14 18:14:31,Google Play,2026-04-15
CBE,not functional too boring,5,2026-02-14 10:55:10,Google Play,2026-04-15
CBE,that is very nice,4,2026-02-13 20:17:53,Google Play,2026-04-15
CBE,nice bank and app,4,2026-02-13 12:39:51,Google Play,2026-04-15
CBE,"look my app don,t hack",5,2026-02-13 00:16:13,Google Play,2026-04-15
CBE,Good banK,5,2026-02-12 14:59:32,Google Play,2026-04-15
CBE,"CBE Mobile Banking: Easy to Use! Fast, Efficient, ""#All_in_One"" Symbol - (Bank of Ethiopia)! Genuine & Huge Efforts in Progress to Modernize its Allrounded Services so as to Secure an Image/Symbol of Rise of Ethiopia, Like the EAL, GERD Jiants. Looking Forward to Seeing this Initiative Becomes a Reality Sooner than Latter!",5,2026-02-12 10:34:46,Google Play,2026-04-15
CBE,update error waiting the next update,2,2026-02-12 08:21:35,Google Play,2026-04-15
CBE,Thanks for this convenient and simple and very reliable application.,5,2026-02-11 14:31:47,Google Play,2026-04-15
CBE,very satisfied with it,5,2026-02-11 10:09:09,Google Play,2026-04-15
CBE,fast,5,2026-02-11 08:45:53,Google Play,2026-04-15
CBE,i heat app,2,2026-02-10 23:31:10,Google Play,2026-04-15
CBE,daown load,1,2026-02-10 15:49:14,Google Play,2026-04-15
CBE,there is no enter button on the login,1,2026-02-10 13:13:56,Google Play,2026-04-15
CBE,It is excellent.,5,2026-02-10 12:07:51,Google Play,2026-04-15
CBE,the latest version is worse. not working at all,1,2026-02-10 10:48:10,Google Play,2026-04-15
CBE,I could get a zero for this app if I could. You can't have a statement to view your past transactions filtered by anything. Information is incorrect when you view your statement that is available to you. Hire good project managers and developers to give your customers acceptable level of service. Ethiopia has smart people. Stone age level of compatibility. Very sad.,1,2026-02-09 22:58:50,Google Play,2026-04-15
CBE,Thank you CBE it is very better,5,2026-02-09 19:25:47,Google Play,2026-04-15
CBE,the best app,5,2026-02-09 18:51:11,Google Play,2026-04-15
CBE,"Easy, fast and secure app thanks Comercial bank of Ethiopia( CBE NOOR)",5,2026-02-09 17:00:21,Google Play,2026-04-15
CBE,"It only shows recent transactions, it does not show old transactions when we want to check.",3,2026-02-09 11:59:34,Google Play,2026-04-15
CBE,thank you,5,2026-02-08 15:40:18,Google Play,2026-04-15
CBE,Useful app.,5,2026-02-08 01:14:08,Google Play,2026-04-15
CBE,very good bank thanks,5,2026-02-08 00:24:07,Google Play,2026-04-15
CBE,Best app,5,2026-02-07 23:25:32,Google Play,2026-04-15
CBE,Excellent !,5,2026-02-07 20:13:53,Google Play,2026-04-15
CBE,pls update my cbe mobile banking,3,2026-02-07 18:55:11,Google Play,2026-04-15
CBE,"The application is generally very good and reliable. It offers smooth operations and better functionality compared to many similar apps. However, after the recent update, the keyboard behavior is not as convenient as before—it seems to have adapted new features that affect typing comfort. Aside from this issue, the overall performance, services, and usability of the app remain strong. I appreciate the improvements and hope the keyboard experience will be refined in future updates.",4,2026-02-07 14:46:46,Google Play,2026-04-15
CBE,I can't update this app so would you help me please,5,2026-02-07 14:31:28,Google Play,2026-04-15
CBE,beast,5,2026-02-07 11:58:18,Google Play,2026-04-15
CBE,in the new update. money transfer part is hiddeing some numbers and button .it not showing for small device . can you make page see all numbers for small frame device .fix error,3,2026-02-07 09:40:28,Google Play,2026-04-15
CBE,Enjoyed it,5,2026-02-06 23:55:56,Google Play,2026-04-15
CBE,cbe best application,4,2026-02-06 22:13:13,Google Play,2026-04-15
CBE,The worst developers,1,2026-02-06 21:26:54,Google Play,2026-04-15
CBE,አአጨጨ,5,2026-02-06 20:36:10,Google Play,2026-04-15
CBE,God Blessed,5,2026-02-06 18:04:31,Google Play,2026-04-15
CBE,waw bast app,5,2026-02-06 17:48:07,Google Play,2026-04-15
CBE,its great and easy to use app i appreciate,5,2026-02-06 15:49:45,Google Play,2026-04-15
CBE,Actually you are good,5,2026-02-06 15:23:47,Google Play,2026-04-15
CBE,Great,5,2026-02-06 15:19:08,Google Play,2026-04-15
CBE,I was using it properly but now it has stopped working for me and I have no money to send and we are in trouble .the problem is the weak internet power. search for #unbeltu connect and pass it on.I can't understand the problem so I want to ask you to help me,5,2026-02-06 13:28:15,Google Play,2026-04-15
CBE,after recent update it's the worst app forever I will give 00000 star because it hides the keyboard,1,2026-02-06 12:31:05,Google Play,2026-04-15
CBE,spashial one,5,2026-02-06 11:44:32,Google Play,2026-04-15
CBE,"amazing app I ever used, keep it up",5,2026-02-06 11:09:51,Google Play,2026-04-15
CBE,tje new app have a problem to display all the numbers. I can't able to pay for utilities particularly for water bill as all the ten numbers 0 to 9 doesn't appear to enter the pin code.,2,2026-02-06 10:16:33,Google Play,2026-04-15
CBE,worst update ever,1,2026-02-06 10:15:10,Google Play,2026-04-15
CBE,Realtime balance updating is poor,4,2026-02-06 06:15:50,Google Play,2026-04-15
CBE,"​""Excellent app! It’s very reliable, but it would be even better if it included a feature to transfer money directly from a personal bank account to someone else's Telebirr wallet. That would make it a complete game-changer.""",5,2026-02-06 04:50:51,Google Play,2026-04-15
CBE,Ok,4,2026-02-05 23:34:40,Google Play,2026-04-15
CBE,exceptional,5,2026-02-05 23:33:21,Google Play,2026-04-15
CBE,Genuinely what has this new update brought us? what kind of number pad starts with 0? like come on this is this supposed to be the nation's biggest bank? sack your developer teams. A junior dev would know how properly put a number pad.,1,2026-02-05 20:51:45,Google Play,2026-04-15
CBE,don't work for my phone,1,2026-02-05 20:51:20,Google Play,2026-04-15
CBE,is not working for me usually,2,2026-02-05 20:29:39,Google Play,2026-04-15
CBE,"To the Commercial Bank of Ethiopia (CBE), I am writing to express my concern regarding the recent update to the CBE Mobile Banking application. Since the update, the application has not been functioning properly and is significantly worse than the previous version. As a customer of CBE, I find the new app frustrating and inconvenient. For example, after entering the password and attempting to send money, if a mistake is made in entering the recipient’s phone number or account number, there is",5,2026-02-05 20:14:41,Google Play,2026-04-15
CBE,Very important,5,2026-02-05 19:59:26,Google Play,2026-04-15
CBE,this is a stupid app I have ever seen. what a bad experience I can't even logged in. 😕,1,2026-02-05 15:52:18,Google Play,2026-04-15
CBE,this apps very simple for use,5,2026-02-05 15:36:56,Google Play,2026-04-15
CBE,good experience,5,2026-02-05 15:26:13,Google Play,2026-04-15
CBE,the receipt update interface is so annoying specially when you try to put pin number it need fixing,3,2026-02-05 15:12:48,Google Play,2026-04-15
CBE,very intersting,5,2026-02-05 13:02:29,Google Play,2026-04-15
CBE,it is good App,5,2026-02-05 12:24:49,Google Play,2026-04-15
CBE,normal,5,2026-02-05 11:45:37,Google Play,2026-04-15
CBE,finw,5,2026-02-05 11:27:10,Google Play,2026-04-15
CBE,I cannot use this app right now. I don't now why the reason is.,2,2026-02-05 09:37:35,Google Play,2026-04-15
CBE,easy and fast thank you for your support,5,2026-02-05 09:10:23,Google Play,2026-04-15
CBE,Iam very satisfied with this application,5,2026-02-04 22:48:59,Google Play,2026-04-15
CBE,most probably good.,3,2026-02-04 21:57:51,Google Play,2026-04-15
CBE,💯,4,2026-02-04 20:04:00,Google Play,2026-04-15
CBE,Wonderful,5,2026-02-04 19:01:55,Google Play,2026-04-15
CBE,i think easy and good new modification,5,2026-02-04 17:00:10,Google Play,2026-04-15
CBE,best ever,5,2026-02-04 15:46:32,Google Play,2026-04-15
CBE,what is wrong with this app it's ask me update every time i used it update update ... how it's work like ths,1,2026-02-04 15:08:47,Google Play,2026-04-15
CBE,Tele birr is much better,2,2026-02-04 14:51:16,Google Play,2026-04-15
CBE,good but the new keyboard experience is something lacking,4,2026-02-04 13:42:15,Google Play,2026-04-15
CBE,"Hello guys. The frequently updating is very essential for mobile banking. But please learn many experiences from Dashen Mobile Banking Supper app how much safe, efficient and user friendly and convenient it is. please just make similar super app.",4,2026-02-04 12:52:26,Google Play,2026-04-15
CBE,mobail baking appii,1,2026-02-04 12:13:57,Google Play,2026-04-15
CBE,I am very happy and glad to have mobile banking...,1,2026-02-04 11:47:08,Google Play,2026-04-15
CBE,በጣም የምወደው አይ ነው አሁን አፕዴት አአርጌው እየሰራ አይደለም,5,2026-02-04 11:37:30,Google Play,2026-04-15
CBE,not comparable with this device,5,2026-02-04 00:34:31,Google Play,2026-04-15
CBE,good quality,5,2026-02-04 00:04:15,Google Play,2026-04-15
CBE,the best app I have ever seen,5,2026-02-03 22:31:44,Google Play,2026-04-15
CBE,the application is not working,5,2026-02-03 22:13:04,Google Play,2026-04-15
CBE,"this is the worst update, what have you done with the resolution haven't you tested it or what",1,2026-02-03 20:54:11,Google Play,2026-04-15
CBE,how to open,5,2026-02-03 20:36:24,Google Play,2026-04-15
CBE,I very much thanks again and again.,5,2026-02-03 20:02:58,Google Play,2026-04-15
CBE,እየሰራ አይደለም,1,2026-02-03 19:45:36,Google Play,2026-04-15
CBE,Nice app,5,2026-02-03 18:46:19,Google Play,2026-04-15
CBE,"Great application for me,So I would like to rate with 3 star.B/c it doesn't work since this week. So would you fix the issues.",5,2026-02-03 16:54:12,Google Play,2026-04-15
CBE,🥰🥰🥰🥰🥰,5,2026-02-03 16:33:57,Google Play,2026-04-15
CBE,Ok thanks .,5,2026-02-03 16:08:37,Google Play,2026-04-15
CBE,the feature is not desplay fully on screen,1,2026-02-03 15:25:02,Google Play,2026-04-15
CBE,since it's updated it's not working.,1,2026-02-03 14:03:42,Google Play,2026-04-15
CBE,it is terrible. the new update shows your pin,1,2026-02-03 13:04:50,Google Play,2026-04-15
CBE,it is good,3,2026-02-03 07:40:00,Google Play,2026-04-15
CBE,it was good but now the new app not compatable to my device how can i fix,5,2026-02-02 22:18:15,Google Play,2026-04-15
CBE,it is not working properly in my phone,2,2026-02-02 21:49:55,Google Play,2026-04-15
CBE,"The previous version of the CBE application was relatively better. Recently, I was prompted to take some time to update it, and I did. However, since then, it hasn't worked, even when logging in to the app. My attempts to contact customer service were unsuccessful. What shame on the developer and the IT section of CBE.",1,2026-02-02 21:42:21,Google Play,2026-04-15
CBE,what an app !!!!,5,2026-02-02 21:17:27,Google Play,2026-04-15
CBE,the update is killing me what's with the pin numbers?,1,2026-02-02 20:30:38,Google Play,2026-04-15
CBE,it is not fhain,2,2026-02-02 20:13:10,Google Play,2026-04-15
CBE,It is Best but I need compatible application for this device,5,2026-02-02 18:02:47,Google Play,2026-04-15
CBE,cbe godd,5,2026-02-02 16:30:31,Google Play,2026-04-15
CBE,the new Update is so weak display.,2,2026-02-02 14:43:29,Google Play,2026-04-15
CBE,Cool,5,2026-02-02 13:13:54,Google Play,2026-04-15
CBE,please improve the keyboard in the app it not responding,3,2026-02-02 12:33:45,Google Play,2026-04-15
CBE,Thank you for the service,2,2026-02-02 12:29:57,Google Play,2026-04-15
CBE,best 👌,5,2026-02-02 12:15:20,Google Play,2026-04-15
CBE,not functional why in a digital centure useless app too shame...,1,2026-02-02 09:52:04,Google Play,2026-04-15
CBE,"not good after recent update. the keybord layout does not display all numerical symbols. for this reason, I can't use the app.",2,2026-02-02 08:54:47,Google Play,2026-04-15
CBE,The password is difficult to use,1,2026-02-02 06:52:18,Google Play,2026-04-15
CBE,"what does it mean, after you change your phone you must go to cbe branch and deal with those stupid employees. make an easy way of using it the way you are by linking with SIM",2,2026-02-01 20:58:45,Google Play,2026-04-15
CBE,Please revert the password inputs. It's the worst design ever!,1,2026-02-01 18:30:42,Google Play,2026-04-15
CBE,its nice,5,2026-02-01 16:05:11,Google Play,2026-04-15
CBE,not compatible with android 8.1,1,2026-02-01 12:01:31,Google Play,2026-04-15
CBE,After your cureent update the app didn't support my device Samsung S7.,1,2026-02-01 11:57:00,Google Play,2026-04-15
CBE,comfortable app,5,2026-02-01 11:45:13,Google Play,2026-04-15
CBE,It would have been easier if we see all the transactions recorded per day. Why is it not clear every month transacties ctions,2,2026-01-31 22:01:44,Google Play,2026-04-15
CBE,"your new update doesn't work for me, it says ""your device isn't compatible with this version."" you have to fix this problem.",1,2026-01-31 20:34:51,Google Play,2026-04-15
CBE,it's nice app but if it was work by free airtime like telebirr it wold be awesome,4,2026-01-31 20:34:12,Google Play,2026-04-15
CBE,The way the numbers are arranged to enter the PIN in the new update is unprofessional. Please revert to the previous layout.,3,2026-01-31 19:13:27,Google Play,2026-04-15
CBE,best application that makes life easy,5,2026-01-31 14:10:24,Google Play,2026-04-15
BOA,Why transfer to telebirr agent doesn't work?,3,2026-04-14 11:43:34,Google Play,2026-04-15
BOA,best 👌 app in entire industry,5,2026-04-14 11:31:05,Google Play,2026-04-15
BOA,besst app,5,2026-04-14 10:22:22,Google Play,2026-04-15
BOA,👎,1,2026-04-13 20:27:21,Google Play,2026-04-15
BOA,good 👍,5,2026-04-13 16:59:18,Google Play,2026-04-15
BOA,ksanet hayle,5,2026-04-11 15:27:27,Google Play,2026-04-15
BOA,this app is not use my pbone android 16 and not fix boa nearest branch how to use this app,1,2026-04-11 13:14:32,Google Play,2026-04-15
BOA,"disappointing experience .couldn't even do transactions ,so slow .you should check and update it please",1,2026-04-09 15:06:03,Google Play,2026-04-15
BOA,"I tried to oppen mobile app of BOA, but it can't work on my phone after activation. I can't login to it. the staffs tried there best and asked me the android version which is 16 and clear the catches, reinstall the app but the same restult × close the app. disappointing",1,2026-04-09 12:45:27,Google Play,2026-04-15
BOA,poor functional and also very interactive customer service at branch,1,2026-04-09 11:51:02,Google Play,2026-04-15
BOA,low networks,4,2026-04-08 08:58:34,Google Play,2026-04-15
BOA,Fast& Modern,5,2026-04-08 03:29:24,Google Play,2026-04-15
BOA,very nice service appreciated 👍,5,2026-04-07 09:00:42,Google Play,2026-04-15
BOA,it's not working always says error occured,1,2026-04-06 11:39:36,Google Play,2026-04-15
BOA,good,5,2026-04-06 10:55:00,Google Play,2026-04-15
BOA,fast and reliable app,5,2026-04-02 19:29:36,Google Play,2026-04-15
BOA,እረተውኝ,5,2026-04-01 16:08:30,Google Play,2026-04-15
BOA,its good,5,2026-04-01 13:23:58,Google Play,2026-04-15
BOA,updte,3,2026-04-01 08:45:59,Google Play,2026-04-15
BOA,nice,5,2026-03-31 14:07:14,Google Play,2026-04-15
BOA,"Personal opinion: If Abyssinia Mobile Banking allows you to use data from the SIM card where banking is activated, for example, if the connection to the WiFi router stops, if it is possible to use the SIM card where it was activated, and if the password can finally be re-entered 🙏",5,2026-03-31 12:54:21,Google Play,2026-04-15
BOA,stupid app! when i try to send money it says error occured,1,2026-03-31 10:49:46,Google Play,2026-04-15
BOA,i loveit,5,2026-03-31 10:44:00,Google Play,2026-04-15
BOA,Boa yleyal,5,2026-03-31 05:30:53,Google Play,2026-04-15
BOA,lovely,2,2026-03-30 16:32:45,Google Play,2026-04-15
BOA,other bank is very slow,5,2026-03-30 11:45:41,Google Play,2026-04-15
BOA,When transaction done form BOA to Other Bank accounts the receipt does not include the name of receipant(the who receive the money),4,2026-03-29 17:22:33,Google Play,2026-04-15
BOA,Niyse,5,2026-03-29 15:18:37,Google Play,2026-04-15
BOA,my choice BOA,5,2026-03-28 19:21:32,Google Play,2026-04-15
BOA,በጣም ጥሩ ነው,5,2026-03-28 16:16:38,Google Play,2026-04-15
BOA,smart app,5,2026-03-28 16:12:54,Google Play,2026-04-15
BOA,emails connect to pone numbers link all the city banks by location naw,5,2026-03-28 14:00:36,Google Play,2026-04-15
BOA,My favorite app,5,2026-03-28 11:55:13,Google Play,2026-04-15
BOA,very good,5,2026-03-28 11:21:33,Google Play,2026-04-15
BOA,smart app smart bank,5,2026-03-27 15:38:41,Google Play,2026-04-15
BOA,You can't rely on Abyssinia. They are the worst,1,2026-03-26 11:16:54,Google Play,2026-04-15
BOA,its the the bank of bank,5,2026-03-25 10:33:59,Google Play,2026-04-15
BOA,good app,5,2026-03-24 21:25:44,Google Play,2026-04-15
BOA,beti araya,5,2026-03-24 17:17:35,Google Play,2026-04-15
BOA,ok app,5,2026-03-24 14:48:11,Google Play,2026-04-15
BOA,something is wrong,2,2026-03-24 10:45:40,Google Play,2026-04-15
BOA,abanamu boriifuu hindhabamu horiinu ajiraanu woliinuu,5,2026-03-24 06:43:54,Google Play,2026-04-15
BOA,good up except some sluggishness,5,2026-03-23 20:49:38,Google Play,2026-04-15
BOA,it is not bad it just ok,4,2026-03-23 17:06:18,Google Play,2026-04-15
BOA,the app does not show my account balance correctly compared to what I get in the SMS notification. Again and again I am not able to make transfers because the app has issues. I think that's quite poor.,1,2026-03-23 10:22:57,Google Play,2026-04-15
BOA,well,1,2026-03-22 21:16:21,Google Play,2026-04-15
BOA,i can't transfer money to other bank. 😒😒,4,2026-03-22 18:05:01,Google Play,2026-04-15
BOA,doesn't work,1,2026-03-22 15:34:33,Google Play,2026-04-15
BOA,cheru birhanu,1,2026-03-22 15:27:34,Google Play,2026-04-15
BOA,This app good b/c reduce my time,5,2026-03-22 13:01:24,Google Play,2026-04-15
BOA,Machin tecnoloj,3,2026-03-22 09:08:21,Google Play,2026-04-15
BOA,developer option offe,1,2026-03-22 07:13:54,Google Play,2026-04-15
BOA,"Bank of Abyssinia used to be the best for me, but now I don’t think so. I spent the whole day at the branch trying to fix my mobile banking, yet nothing changed. I was asked repeatedly for my ID and signature without any real solution. It’s disappointing and frustrating to see such poor service. I expected much better 🙏 Please fix this urgently 🙏",1,2026-03-22 01:37:47,Google Play,2026-04-15
BOA,good!,4,2026-03-21 21:03:29,Google Play,2026-04-15
BOA,BoA Mobile app,5,2026-03-21 20:44:51,Google Play,2026-04-15
BOA,it is simple and fast app,5,2026-03-21 15:46:14,Google Play,2026-04-15
BOA,awful,1,2026-03-21 13:19:20,Google Play,2026-04-15
BOA,👍👍👍,5,2026-03-20 22:07:00,Google Play,2026-04-15
BOA,ቤጣም ጥሩ ነው ግን ኖ ፍጥነት ብዙ ስታክ ኦኬ,5,2026-03-20 19:52:11,Google Play,2026-04-15
BOA,best app,5,2026-03-20 17:06:44,Google Play,2026-04-15
BOA,awesome and fast app it uses to do my work easier..🥰,5,2026-03-20 16:34:08,Google Play,2026-04-15
BOA,simple and fast,5,2026-03-20 10:22:05,Google Play,2026-04-15
BOA,very good appreciation trusted,5,2026-03-20 08:02:57,Google Play,2026-04-15
BOA,very nice app u love it,5,2026-03-19 20:41:26,Google Play,2026-04-15
BOA,happy,4,2026-03-19 15:53:03,Google Play,2026-04-15
BOA,The worst banking app ever. When I toggle the balance button it shows session expired. I can't even check balance😔,1,2026-03-19 15:36:05,Google Play,2026-04-15
BOA,Secured and rely on BOA.,4,2026-03-19 11:59:18,Google Play,2026-04-15
BOA,Nice App,5,2026-03-19 10:46:40,Google Play,2026-04-15
BOA,Good,1,2026-03-18 12:23:54,Google Play,2026-04-15
BOA,very good app,5,2026-03-18 09:31:21,Google Play,2026-04-15
BOA,good to use,5,2026-03-18 09:14:55,Google Play,2026-04-15
BOA,excellent!,5,2026-03-18 08:44:45,Google Play,2026-04-15
BOA,Thanks bank of Abisiniya,5,2026-03-17 23:02:36,Google Play,2026-04-15
BOA,good ap,5,2026-03-17 22:09:50,Google Play,2026-04-15
BOA,Very nice application,5,2026-03-17 21:33:30,Google Play,2026-04-15
BOA,the BoA is the smartest app,5,2026-03-17 20:04:57,Google Play,2026-04-15
BOA,Wow!!,5,2026-03-17 18:31:36,Google Play,2026-04-15
BOA,v.good,5,2026-03-17 18:07:57,Google Play,2026-04-15
BOA,wow,5,2026-03-17 17:57:37,Google Play,2026-04-15
BOA,best,5,2026-03-17 17:23:35,Google Play,2026-04-15
BOA,very excellent and truth application.,5,2026-03-17 17:09:01,Google Play,2026-04-15
BOA,"All problems are fixed now , easy to use recommended.",5,2026-03-17 15:28:29,Google Play,2026-04-15
BOA,it is slow app pls update more,5,2026-03-17 14:51:45,Google Play,2026-04-15
BOA,amazing app ever,5,2026-03-17 13:17:29,Google Play,2026-04-15
BOA,It did not work at all for me,1,2026-03-17 13:06:11,Google Play,2026-04-15
BOA,besat🥰,4,2026-03-17 09:15:05,Google Play,2026-04-15
BOA,amazing 😄 service I appreciate it,5,2026-03-17 08:56:41,Google Play,2026-04-15
BOA,no limit app,5,2026-03-17 00:22:38,Google Play,2026-04-15
BOA,Very excayeted and degjetalization more accecing to any markate enabled servece also hamble so more atande,4,2026-03-16 23:29:33,Google Play,2026-04-15
BOA,Best !,5,2026-03-16 17:58:39,Google Play,2026-04-15
BOA,the app is always full of bugs and I don't know why they don't even try to fix them it's been like this for years it's always unstable,1,2026-03-16 17:35:33,Google Play,2026-04-15
BOA,fast app,5,2026-03-16 16:19:33,Google Play,2026-04-15
BOA,very good service,3,2026-03-16 15:27:55,Google Play,2026-04-15
BOA,lovely app,5,2026-03-16 13:33:30,Google Play,2026-04-15
BOA,"BoA easily accessible, fast with best service, Go ahead",5,2026-03-16 13:19:54,Google Play,2026-04-15
BOA,its so amazing,5,2026-03-16 10:05:14,Google Play,2026-04-15
BOA,Now this bank is among those Ethiopian banks with best mobile banking. N.B I will give 5 star if the app asks a PIN before completing transaction.,4,2026-03-16 09:04:48,Google Play,2026-04-15
BOA,love BOA,1,2026-03-15 15:19:43,Google Play,2026-04-15
BOA,i like,5,2026-03-14 04:23:56,Google Play,2026-04-15
BOA,it stucks and jumps out,1,2026-03-13 16:50:45,Google Play,2026-04-15
BOA,ማስተዋልይርሳው,5,2026-03-11 13:12:22,Google Play,2026-04-15
BOA,1 ደኛ,5,2026-03-11 00:15:33,Google Play,2026-04-15
BOA,considering the fact that bank is huge this app really bad you could do better,1,2026-03-10 16:31:41,Google Play,2026-04-15
BOA,fast security 🔥🔥🔥,5,2026-03-07 12:38:41,Google Play,2026-04-15
BOA,100% 😱😱,5,2026-03-07 12:25:12,Google Play,2026-04-15
BOA,doesn't work.,1,2026-03-06 02:33:39,Google Play,2026-04-15
BOA,atdtd,1,2026-03-03 11:37:40,Google Play,2026-04-15
BOA,Its so boaring app I ever had....please review and fix z deficulties,1,2026-03-03 02:47:23,Google Play,2026-04-15
BOA,ፈት አፈዘ,1,2026-03-03 00:02:53,Google Play,2026-04-15
BOA,profesionl,5,2026-03-02 12:03:39,Google Play,2026-04-15
BOA,very nice,5,2026-03-01 17:39:22,Google Play,2026-04-15
BOA,no app,1,2026-03-01 08:58:51,Google Play,2026-04-15
BOA,BOA mobile app,5,2026-02-28 00:58:15,Google Play,2026-04-15
BOA,"Good App But big problem with Trasfer to other Bank im send some money to other bank still not reach it ,it's take time around two days",4,2026-02-27 16:46:37,Google Play,2026-04-15
BOA,Use the best bank account ✅👌👌👌,5,2026-02-25 04:16:11,Google Play,2026-04-15
BOA,well app,5,2026-02-24 15:34:02,Google Play,2026-04-15
BOA,"balance sync is working after 24 hours, frequently stop working for the last 4 yrs, boring update released, very poor service",2,2026-02-23 08:12:09,Google Play,2026-04-15
BOA,Excellent service thanks,5,2026-02-20 11:34:26,Google Play,2026-04-15
BOA,it crush every time you opend it it is hard to pay quickly or to access,1,2026-02-17 10:27:49,Google Play,2026-04-15
BOA,it is a best app,5,2026-02-16 02:05:31,Google Play,2026-04-15
BOA,"this app is useless, i try to use it but the app crash and log me out and this is happen again and again. i thought they will fix it on update but there is no update.",1,2026-02-15 07:50:01,Google Play,2026-04-15
BOA,"It’s very hard, it’s not working.👎👎",1,2026-02-11 16:55:01,Google Play,2026-04-15
BOA,some time the app would have been a problem to open,5,2026-02-10 22:46:44,Google Play,2026-04-15
BOA,Its not work accurately please improve your mobile banking,1,2026-02-03 09:19:03,Google Play,2026-04-15
BOA,the most doagusting app from ethiopian banking especially on weekdenda🤮🤮🤮🤮🤮🤮🤮,1,2026-02-02 22:36:33,Google Play,2026-04-15
BOA,wondo mechesa,5,2026-01-31 15:48:52,Google Play,2026-04-15
BOA,good but the user interface and animations need some upgrade,4,2026-01-31 12:31:47,Google Play,2026-04-15
BOA,what is wrong these app ?,1,2026-01-30 18:46:57,Google Play,2026-04-15
BOA,unsatisfied to your mobile banking application,5,2026-01-28 01:41:02,Google Play,2026-04-15
BOA,"Whenever I want to see my balance, the app says “no” and logs me out. Looks like the developer doesn’t want customers to know the truth 😄! This app really protects my money. It logs me out before I can even see my balance. 👉 Honestly, this app doesn’t reflect the quality of Bank of Abyssinia.",3,2026-01-26 18:50:33,Google Play,2026-04-15
BOA,"BoA Mobile is boring, imagine if you install it to your phone it crash when once used and require reinstall. I downloaded ten times but it still crashing.",1,2026-01-25 17:13:11,Google Play,2026-04-15
BOA,እሽቱ,5,2026-01-24 23:06:48,Google Play,2026-04-15
BOA,very clumsy application. it sucks alot.,1,2026-01-23 21:47:52,Google Play,2026-04-15
BOA,so perfect in everything,5,2026-01-22 20:08:57,Google Play,2026-04-15
BOA,yse good ap,5,2026-01-22 16:19:27,Google Play,2026-04-15
BOA,the worst Mobile banking app👎👎👎👎,1,2026-01-22 08:35:04,Google Play,2026-04-15
BOA,እየሩስ ፣አይለ፣,1,2026-01-20 22:09:01,Google Play,2026-04-15
BOA,very Good application,4,2026-01-14 22:19:32,Google Play,2026-04-15
BOA,yes,5,2026-01-13 15:59:48,Google Play,2026-04-15
BOA,app doesnt work,1,2026-01-10 17:26:50,Google Play,2026-04-15
BOA,it's too slow and when you are in a hurry don't use this app,1,2026-01-10 15:56:11,Google Play,2026-04-15
BOA,The worest app ever .work hard and do betterthan this,1,2026-01-09 19:57:36,Google Play,2026-04-15
BOA,The app is always glitch seems there's is significant issue from the backend. Can someone take a look on this or just remove from appstore this trash 🗑 🙄. Thank you.,1,2026-01-07 07:16:09,Google Play,2026-04-15
BOA,n m ű,3,2026-01-06 20:11:11,Google Play,2026-04-15
BOA,so good,5,2026-01-06 14:40:05,Google Play,2026-04-15
BOA,my app is not working .,1,2026-01-06 09:36:21,Google Play,2026-04-15
BOA,"Problems with internet, the app sometimes says there is no internet connection while Internet Data is on. this needs to be fixed, it's unacceptable not being able to access your bank account when you need it.",1,2026-01-05 20:39:22,Google Play,2026-04-15
BOA,"There's only one word to describe BOA mobile banking app, and it's 'እንጨት'. It's been the worst experience and it's continuing to be so.",1,2026-01-04 14:08:08,Google Play,2026-04-15
BOA,not good update it again,1,2026-01-04 09:06:33,Google Play,2026-04-15
BOA,the app not works on samsung galaxy A06 models it's directly kick you out of the app whenever u want to use it amd and then it's says the app is not working i hope they fix it soon,2,2026-01-04 00:52:21,Google Play,2026-04-15
BOA,The worest banking app i ever used,1,2026-01-03 18:02:34,Google Play,2026-04-15
BOA,"This app is the worst app I've ever seen. Unless the developer fixes it, BOA will lose all its customers.",1,2026-01-02 15:17:45,Google Play,2026-04-15
BOA,yetemeta app nw cherash nw apk west maygebawu beza sebeb absiniya tesenabichalewu,1,2026-01-01 07:48:18,Google Play,2026-04-15
BOA,ደገፉ ፈፊኘየየከ ወግወ ደገፉ,5,2025-12-31 17:16:39,Google Play,2026-04-15
BOA,good 👍👍👍,5,2025-12-27 11:49:13,Google Play,2026-04-15
BOA,best digital financing app in ethiopia,5,2025-12-26 21:57:11,Google Play,2026-04-15
BOA,wooow,5,2025-12-26 20:18:19,Google Play,2026-04-15
BOA,very good to be continued to update,5,2025-12-24 10:15:21,Google Play,2026-04-15
BOA,የአቢሲኒያ ባንክ app,5,2025-12-22 19:26:26,Google Play,2026-04-15
BOA,አፕሊኬሽኑ መጨረሻ ቀርፋፋ ነው:: 2G,1,2025-12-21 18:34:15,Google Play,2026-04-15
BOA,"what is this the 19 century 😡,we can't even see our balance,this app is going backwards 😤",1,2025-12-21 11:11:45,Google Play,2026-04-15
BOA,The worst Mobile banking app in Ethiopia,1,2025-12-20 15:29:07,Google Play,2026-04-15
BOA,great,5,2025-12-18 10:47:08,Google Play,2026-04-15
BOA,Applicationa kerem delile,5,2025-12-18 01:05:07,Google Play,2026-04-15
BOA,fast,5,2025-12-17 18:05:07,Google Play,2026-04-15
BOA,😍,5,2025-12-15 15:38:30,Google Play,2026-04-15
BOA,WE EXPECT IT WILL BE MORE AND MORE FASTER THAN EARLIER!,5,2025-12-13 08:21:22,Google Play,2026-04-15
BOA,Amazing App 👏,5,2025-12-12 20:12:54,Google Play,2026-04-15
BOA,Niec app,5,2025-12-12 14:00:05,Google Play,2026-04-15
BOA,best app of the year,5,2025-12-12 12:37:25,Google Play,2026-04-15
BOA,waw,2,2025-12-12 11:40:45,Google Play,2026-04-15
BOA,it constantly bugs and doesnt open what is the purpose of mobile banking app if i dont use it when i need it?,1,2025-12-12 10:56:13,Google Play,2026-04-15
BOA,good sp,5,2025-12-10 22:32:27,Google Play,2026-04-15
BOA,🔥🔥,5,2025-12-10 13:21:23,Google Play,2026-04-15
BOA,"please fix the bug this app does not work, it says Error The request was not successful. Please check device connectivity or try again.",1,2025-12-05 20:26:55,Google Play,2026-04-15
BOA,not bad,3,2025-12-04 12:46:06,Google Play,2026-04-15
BOA,nice banking,5,2025-12-02 12:39:41,Google Play,2026-04-15
BOA,what a bad app... cant even learn from CBE ... how can they even improve?,1,2025-12-02 11:12:23,Google Play,2026-04-15
BOA,it stuck everytime when i use it . the app won't budge to even open,1,2025-12-02 07:43:05,Google Play,2026-04-15
BOA,i don't find it good and now it is not working!,1,2025-12-01 20:46:47,Google Play,2026-04-15
BOA,Make the reason we wrote visible on app transaction.,2,2025-12-01 09:20:30,Google Play,2026-04-15
BOA,app is note active working crash,1,2025-11-30 21:57:28,Google Play,2026-04-15
BOA,🙏👍,5,2025-11-29 03:47:54,Google Play,2026-04-15
BOA,Very Good,5,2025-11-28 20:18:20,Google Play,2026-04-15
BOA,goof,5,2025-11-28 13:33:37,Google Play,2026-04-15
BOA,bad exprience...it is so crushed,1,2025-11-27 11:41:15,Google Play,2026-04-15
BOA,not user friendly at all it requires a huge connectivity and also lags many times 😑😑😑,1,2025-11-26 22:52:50,Google Play,2026-04-15
BOA,ምንም የማይ ሰራ,1,2025-11-26 13:08:10,Google Play,2026-04-15
BOA,most of the time is not working properly,1,2025-11-25 08:23:20,Google Play,2026-04-15
BOA,good service,5,2025-11-25 02:10:24,Google Play,2026-04-15
BOA,not use for me,3,2025-11-23 18:23:59,Google Play,2026-04-15
BOA,It keeps notifying me to disable developer options and quiet while I'm not enabled. always bring another type of problem with new updates.,1,2025-11-22 14:21:32,Google Play,2026-04-15
BOA,the lag is unbelievable when you need it the most this suks,1,2025-11-19 13:04:40,Google Play,2026-04-15
BOA,I cant belive I could find the worst bank app ever .yet very simple to fix the problem and the company just ignored it. no body can do business with this kind of app.,1,2025-11-18 20:28:03,Google Play,2026-04-15
BOA,it is a good app,5,2025-11-18 09:47:47,Google Play,2026-04-15
BOA,it is not working at all,1,2025-11-15 20:42:13,Google Play,2026-04-15
BOA,🥰🥰🥰🥰🥰 app is good but i was live in abroad and when i enter my otp code it didnt make me to write my code it the app want it self write thats not fair so please other wise i like it why,5,2025-11-15 19:29:15,Google Play,2026-04-15
BOA,when trying to activate the app it keeps on loading on the security questions page. It has been two days,1,2025-11-13 09:57:58,Google Play,2026-04-15
BOA,fast and simple,5,2025-11-11 03:23:24,Google Play,2026-04-15
BOA,best of best,5,2025-11-10 19:25:19,Google Play,2026-04-15
BOA,Worest Banking App Ever I seen. Fake App Bad Better to Leave,1,2025-11-10 19:03:40,Google Play,2026-04-15
BOA,"I would like to share feedback regarding the application. It frequently experiences disruptions and does not function properly, often freezing or failing to load. This issue is affecting workflow and efficiency. Kindly review and address this problem to ensure smoother performance.",1,2025-11-08 13:11:33,Google Play,2026-04-15
BOA,Meet you genuine.App I tried is not functional.Helping.welldoingwith BOA Ethiopia .fastandrelevant.morconnecting Digitalyworld.Digitalyworld. thanks.,5,2025-11-08 12:18:43,Google Play,2026-04-15
BOA,Best app,5,2025-11-07 21:15:06,Google Play,2026-04-15
BOA,"Barely works, it always fails to connect",1,2025-11-07 16:33:56,Google Play,2026-04-15
BOA,this app launch time is so long also has dozen bugs in addition it's has been long time get update,1,2025-11-05 12:22:49,Google Play,2026-04-15
BOA,"Your application is very irritating to use, some functionality doesn't even work like on the card management. You need to do better than this and it good idea to reference other banking applications.",3,2025-11-04 15:26:13,Google Play,2026-04-15
BOA,I like,5,2025-11-02 16:36:02,Google Play,2026-04-15
BOA,ወይ አሻሽሉትና እንጠቀምበት ያለያ ብታጠፉት ይሻላል። በቃ ምንም ነገር አይሰራም መተግበሪያ አለን ብላችሁ እንዳታወሩ ለማንም የማይመከር ቀርፋፋና ተግባር የለሽ መተግበሪያ,1,2025-11-01 14:12:12,Google Play,2026-04-15
BOA,i m sorry but it doesn't work for my android it is too slow but other bank are very fast please update,1,2025-10-30 22:18:43,Google Play,2026-04-15
BOA,"the worst app ever,",1,2025-10-30 21:09:22,Google Play,2026-04-15
BOA,better,5,2025-10-29 14:51:14,Google Play,2026-04-15
BOA,"I kindly request that Bank of abyssinia address issues with its mobile app. It is very slow, has numerous problems, and frequently experiences downtime. The user experience is also poor. Thank you.",1,2025-10-28 20:07:21,Google Play,2026-04-15
BOA,this app can't open? what is problem? please solve my problem?,1,2025-10-28 02:44:21,Google Play,2026-04-15
BOA,kiyaa makonn,5,2025-10-27 22:28:55,Google Play,2026-04-15
BOA,very very lazy app,1,2025-10-26 23:12:22,Google Play,2026-04-15
BOA,telebirr remittance,5,2025-10-24 16:04:33,Google Play,2026-04-15
BOA,The best bank in 🇪🇹,5,2025-10-23 20:01:50,Google Play,2026-04-15
BOA,the worst app in my financial experience.,1,2025-10-22 13:13:16,Google Play,2026-04-15
BOA,good for mb appliciation,5,2025-10-21 17:22:18,Google Play,2026-04-15
BOA,the worst bank ever. slow don't accept dual sim. they are very stupid and greedy,1,2025-10-20 17:36:14,Google Play,2026-04-15
BOA,try to easy network,4,2025-10-17 15:56:04,Google Play,2026-04-15
BOA,hussen hassen umer,5,2025-10-16 20:05:56,Google Play,2026-04-15
BOA,"The app is not suitable and lacks a good UI design. As a large bank, you must update your app with a professional UI that is fast and appropriate.",2,2025-10-16 11:53:31,Google Play,2026-04-15
BOA,an exceptional banking app.,5,2025-10-16 09:51:09,Google Play,2026-04-15
BOA,alhamdulilah,5,2025-10-11 09:38:31,Google Play,2026-04-15
BOA,poor,5,2025-10-11 06:59:58,Google Play,2026-04-15
BOA,Best of best,5,2025-10-09 09:31:41,Google Play,2026-04-15
BOA,from the last week updates the app is not working Please check the problems,1,2025-10-08 20:21:32,Google Play,2026-04-15
BOA,It's always crushing,1,2025-10-08 10:28:55,Google Play,2026-04-15
BOA,office branches have to improve their services please,4,2025-10-07 07:22:58,Google Play,2026-04-15
BOA,♥️♥️,5,2025-10-05 20:45:56,Google Play,2026-04-15
BOA,Why does it keep crashing? I can't even use this. BOA should do better. You have many customers and how to deal with this. I can't send money now.,1,2025-10-05 19:04:02,Google Play,2026-04-15
BOA,it needs a timely update,5,2025-10-03 09:39:36,Google Play,2026-04-15
BOA,"It does not show the name of the person who sent the money to request a receipt. This has become very difficult for us. When different people transfer the same amount to me from different banks, it is very difficult to identify the account or the name of the sender.",3,2025-10-01 22:45:17,Google Play,2026-04-15
BOA,Like,5,2025-10-01 22:10:29,Google Play,2026-04-15
BOA,I can't type my otp on it.,1,2025-10-01 18:42:50,Google Play,2026-04-15
BOA,"most of bank apps in Ethiopia are linked with ethiopian phone number, I live in US permanently so when I open BoA account, I told them where I live and to link it with email address instead of phone # as ethio phone number is not working where I live, unfortunetly my fear appeared and now when I change my phone device, it send the code to the ethio number which is not with me now. so please when u develop bank apps consider the diaspora community to use ur apps",1,2025-10-01 15:30:39,Google Play,2026-04-15
BOA,jaajja,4,2025-09-30 13:13:07,Google Play,2026-04-15
BOA,I love this bank the best experience ever.,5,2025-09-28 04:17:38,Google Play,2026-04-15
BOA,"Nothing has been improved, it doesn't work like the previous version.",1,2025-09-25 20:41:02,Google Play,2026-04-15
BOA,Great,5,2025-09-20 17:06:09,Google Play,2026-04-15
BOA,mobile banking,5,2025-09-19 18:43:07,Google Play,2026-04-15
BOA,😎,5,2025-09-18 00:47:17,Google Play,2026-04-15
BOA,"need alot of connection, chooses device, very lug even when there is connection",1,2025-09-17 13:50:17,Google Play,2026-04-15
BOA,On my ios it's perfect but on android it barley works and don't transfer and after a while it crushed and totally stopped working. Please fix the issue my beloved bank of abyssinia.,1,2025-09-15 17:16:36,Google Play,2026-04-15
BOA,none,5,2025-09-14 21:21:53,Google Play,2026-04-15
BOA,very good app i ever used,5,2025-09-12 08:25:40,Google Play,2026-04-15
BOA,its nice app especially the transaction limit is extended but We face that BoA m.banking app doesn't respond at the activation stage strictly at SMSNG mobile phone. please try this to make safe.,4,2025-09-11 19:48:42,Google Play,2026-04-15
BOA,zedo,5,2025-09-11 02:38:59,Google Play,2026-04-15
BOA,please open my mobile app,5,2025-09-10 15:43:30,Google Play,2026-04-15
BOA,it doesn't open,1,2025-09-10 12:38:37,Google Play,2026-04-15
BOA,masha alla,5,2025-09-08 01:23:30,Google Play,2026-04-15
BOA,Best banking transaction application in Ethiopia !,5,2025-09-05 17:24:28,Google Play,2026-04-15
BOA,السلام عليكم ورحمة الله وبركاته ماشاء الله تبارك الرحمن هذا التطبيق ممتاز جدا,5,2025-09-04 18:02:58,Google Play,2026-04-15
BOA,tamaam kamal,1,2025-09-04 01:55:34,Google Play,2026-04-15
BOA,በጣም ሐሪፍ,5,2025-09-03 15:16:27,Google Play,2026-04-15
BOA,great 👍,5,2025-09-02 09:11:28,Google Play,2026-04-15
BOA,absiniya banki,5,2025-08-29 18:14:45,Google Play,2026-04-15
BOA,has issue after installation and i think it doesn't work with tecno common 30,1,2025-08-26 15:05:33,Google Play,2026-04-15
BOA,One of the best in this business,5,2025-08-25 16:34:55,Google Play,2026-04-15
BOA,Excellent,5,2025-08-20 20:32:23,Google Play,2026-04-15
BOA,unlimited experience,5,2025-08-18 09:15:44,Google Play,2026-04-15
BOA,"as bank, u should at least hire someone good at their job bc this a joke nowadays I can't even log in or even transfer without it crashing if u fix the app I will update this review I am counting on u boa update: so they atleast fixed it but as suggestion can u put password when in final step of sending money it will feel more secure that way",4,2025-08-17 06:44:58,Google Play,2026-04-15
BOA,very nice mobile banking app my favourite,5,2025-08-16 13:58:54,Google Play,2026-04-15
BOA,"it almost never boots up!!! and even if it did, it crashes immediately",1,2025-08-15 14:12:02,Google Play,2026-04-15
BOA,best apps,5,2025-08-15 14:01:49,Google Play,2026-04-15
BOA,the worst app ever to exist in a bank history,1,2025-08-15 11:08:29,Google Play,2026-04-15
BOA,thank you,5,2025-08-14 07:41:49,Google Play,2026-04-15
BOA,Best mobile app in the country,5,2025-08-14 07:04:30,Google Play,2026-04-15
BOA,not fast,2,2025-08-12 18:29:21,Google Play,2026-04-15
BOA,keeps freezing at the front page.,1,2025-08-10 17:35:29,Google Play,2026-04-15
BOA,it is not working on redminote 11 pro+ pls fix it,1,2025-08-08 07:03:06,Google Play,2026-04-15
BOA,abseniya bank app,5,2025-08-08 03:00:41,Google Play,2026-04-15
BOA,yes goode app,5,2025-08-03 23:19:34,Google Play,2026-04-15
BOA,Great App,5,2025-08-02 21:34:23,Google Play,2026-04-15
BOA,1) Crashes repeatedly 2) Takes Century to Boot 3) Repeatedly requires Update which is very annoying. 4) It doesn't ask for Password for one step confirmation when transferring money. 5) Automatically stops music when the app is launched (it doesn't really matter just fyi) Overall this have to be the worst mobile banking app I have tried so far and should not be released with all these bugs & issues.,1,2025-08-02 16:36:41,Google Play,2026-04-15
BOA,ረጀብነሱ,1,2025-07-31 16:03:22,Google Play,2026-04-15
BOA,The Worst Mobile Banking App.,1,2025-07-31 08:17:18,Google Play,2026-04-15
BOA,giod,5,2025-07-30 23:13:34,Google Play,2026-04-15
BOA,best bank in ethiopia,5,2025-07-29 19:00:02,Google Play,2026-04-15
BOA,waqayyoo,5,2025-07-28 09:47:08,Google Play,2026-04-15
BOA,please is not working,2,2025-07-27 20:25:36,Google Play,2026-04-15
BOA,nothing when I need to install the Apk it say that re-up date,5,2025-07-25 09:42:43,Google Play,2026-04-15
BOA,I can log in from any where,5,2025-07-23 03:05:42,Google Play,2026-04-15
BOA,😇,3,2025-07-21 00:01:28,Google Play,2026-04-15
BOA,no proplem,5,2025-07-20 17:52:05,Google Play,2026-04-15
BOA,excellent app,5,2025-07-18 16:05:21,Google Play,2026-04-15
BOA,good work,5,2025-07-15 21:39:23,Google Play,2026-04-15
BOA,☹️,5,2025-07-15 14:41:46,Google Play,2026-04-15
BOA,excellent,5,2025-07-14 18:05:54,Google Play,2026-04-15
BOA,Great BoA,5,2025-07-14 16:12:11,Google Play,2026-04-15
BOA,Okay,4,2025-07-13 20:18:06,Google Play,2026-04-15
BOA,not working,1,2025-07-12 12:26:49,Google Play,2026-04-15
BOA,This App is Getting worse and worse with every update,2,2025-07-11 13:03:44,Google Play,2026-04-15
BOA,ምርጥ ነው,1,2025-07-10 15:21:42,Google Play,2026-04-15
BOA,meku,5,2025-07-07 12:47:46,Google Play,2026-04-15
BOA,awasome app go a head,5,2025-07-04 08:18:24,Google Play,2026-04-15
BOA,it sucks as hell. it crashes most of the time and takes a long time to load .,1,2025-07-03 03:31:08,Google Play,2026-04-15
BOA,Easy and very nice app to load more than the previouse but in recent time some loading problem detected.,5,2025-07-01 16:08:48,Google Play,2026-04-15
BOA,"The worst MBA I have experienced, The app crush frequently and they take to long to fix the problem even more than a week.",1,2025-06-27 09:30:30,Google Play,2026-04-15
BOA,amazing Banks App👌👌,3,2025-06-25 17:35:00,Google Play,2026-04-15
BOA,good App fore me,5,2025-06-25 15:12:00,Google Play,2026-04-15
BOA,"very uninterested it's not working when the ""developer mode on"" i haven't off the developer options i preferred to uninstall your app .....",1,2025-06-24 12:27:26,Google Play,2026-04-15
BOA,fantastic,5,2025-06-22 10:50:55,Google Play,2026-04-15
BOA,👍,4,2025-06-21 17:06:11,Google Play,2026-04-15
BOA,it's nice to use.,5,2025-06-21 09:34:30,Google Play,2026-04-15
BOA,app doesn't start,1,2025-06-21 08:48:21,Google Play,2026-04-15
BOA,Excellent application,5,2025-06-18 11:24:46,Google Play,2026-04-15
BOA,its very bad app its very slow,1,2025-06-17 11:08:55,Google Play,2026-04-15
BOA,ብዙዬ ሺዋየ በለጠ,1,2025-06-15 19:26:48,Google Play,2026-04-15
BOA,Good job!,5,2025-06-13 11:04:06,Google Play,2026-04-15
BOA,best financial app.,5,2025-06-12 09:53:43,Google Play,2026-04-15
BOA,ቆንጆ ነው በርቱ,5,2025-06-11 21:19:48,Google Play,2026-04-15
BOA,the worst app humans ever created,1,2025-06-09 16:27:28,Google Play,2026-04-15
BOA,it's not working,3,2025-06-05 11:57:36,Google Play,2026-04-15
BOA,"Hello, I’m facing a problem with the BOA Mobile app. Every time I enter my phone number and password, the app crashes and shows an error that says “BoaMobile closed because this app has a bug.” I tried updating, reinstalling, and clearing cache, but nothing worked. Please fix this bug in the next update. I really need access to my account. Thank you.",1,2025-06-03 16:21:34,Google Play,2026-04-15
BOA,exceptional,5,2025-06-03 10:32:35,Google Play,2026-04-15
BOA,BoA Mobile good bank,5,2025-06-02 14:25:12,Google Play,2026-04-15
BOA,this is worest app 24/7 loading,1,2025-06-01 15:51:10,Google Play,2026-04-15
BOA,BoA system is confartable,5,2025-06-01 00:47:32,Google Play,2026-04-15
BOA,"this app, for me , is a waste of time. It doesn't work . I can't even long in, and it really piss me off. FIX THE PROBLEM",1,2025-05-27 21:16:27,Google Play,2026-04-15
BOA,Good service.,3,2025-05-25 19:14:52,Google Play,2026-04-15
BOA,the app crush frequently,1,2025-05-24 12:24:56,Google Play,2026-04-15
BOA,You guys keeps getting worst,1,2025-05-22 08:57:39,Google Play,2026-04-15
BOA,"This app is a joke. It crashes more than it works, takes forever to load, and half the features are just decorative at this point. Can’t log in, can’t transfer money, can’t even check my balance without it bugging out. To the developer: Are you actually trying to make this work, or is this some kind of social experiment to test our patience? Did you build this in your sleep? Because it definitely looks like it. If this is your idea of a functional app, maybe consider a different career path🙏",1,2025-05-21 13:49:15,Google Play,2026-04-15
BOA,BoA,2,2025-05-20 15:21:55,Google Play,2026-04-15
BOA,but not opening on android,4,2025-05-19 17:19:32,Google Play,2026-04-15
BOA,Worst App ever. Totally unreliable. And it didn't work at all for the last 4 months.,1,2025-05-18 15:36:47,Google Play,2026-04-15
BOA,amazing,5,2025-05-18 14:34:19,Google Play,2026-04-15
BOA,"this app does no work on Samsung a51, it just gives a preview of the logo",1,2025-05-11 19:07:08,Google Play,2026-04-15
BOA,"i entered incorrect security question by mistake boa app lock pin forever, why is there no other options? ?? i contacted different branchs more then 4times but they didn't able to solve this issue .",5,2025-05-10 12:44:44,Google Play,2026-04-15
BOA,liking this application good 👍,5,2025-05-07 18:34:10,Google Play,2026-04-15
BOA,"This app future is good, but there is problems with apps to reset and activate it, which is difficult even to the branch staffs, and it takes too long times to active at the branch plus most of the time high expected failure of activation after process at the counter and OTP sent not work",1,2025-05-06 18:06:33,Google Play,2026-04-15
BOA,it's really good 👍,5,2025-04-23 19:44:14,Google Play,2026-04-15
BOA,Bad app . it stuck when you open and noting WORKS.,1,2025-04-23 14:16:20,Google Play,2026-04-15
BOA,"the app isn't working after it asked me the password it starts loading, but it doesn't open",3,2025-04-20 21:05:21,Google Play,2026-04-15
BOA,Best,2,2025-04-19 18:38:02,Google Play,2026-04-15
BOA,It keeps showing this pop up to turn off developer options even tho it's off! I had to turn on and then off to make it work! This is a horrible experience and needs a fix asap! Plus kinda slow.,1,2025-04-19 07:15:54,Google Play,2026-04-15
BOA,yideg,1,2025-04-18 00:18:40,Google Play,2026-04-15
BOA,great boa,5,2025-04-10 14:33:26,Google Play,2026-04-15
BOA,boa of mobile backing,5,2025-04-09 14:32:34,Google Play,2026-04-15
BOA,faster bank of Abissinya,5,2025-04-08 16:36:23,Google Play,2026-04-15
BOA,i would have given it a lower if it was possible because it crush so much and it take the bank so long to fix the bug,1,2025-04-08 10:12:19,Google Play,2026-04-15
BOA,it just doesn't work...so frustrating,1,2025-04-07 18:04:17,Google Play,2026-04-15
BOA,like,5,2025-04-06 22:17:21,Google Play,2026-04-15
BOA,it's not work correctly... you must have update it,1,2025-04-06 11:01:42,Google Play,2026-04-15
BOA,"the app gets a considerable improvements like language , QR scanner and unlimited transfers survice. but BOA Please do alot on its fastness and convenient when we login and making a transactions.",5,2025-04-04 22:57:29,Google Play,2026-04-15
BOA,after i typed in my password it says successfully logged out ...and goes back to the first page,2,2025-04-04 12:38:08,Google Play,2026-04-15
BOA,good but they don't update enough don't add new things,3,2025-04-04 12:24:06,Google Play,2026-04-15
BOA,it doesn't work period z slowest mobile banking ever i would rather use *815#,1,2025-04-01 00:27:34,Google Play,2026-04-15
BOA,"after activated the application it not allowed to sign , automatically it is turn off In my phone, why ?",1,2025-03-31 23:55:06,Google Play,2026-04-15
BOA,good application,5,2025-03-30 21:56:40,Google Play,2026-04-15
BOA,this version is not working for me I cannot even buy card. I cannot send money,1,2025-03-30 15:27:26,Google Play,2026-04-15
BOA,"It can't actively on initialization, it says incorrect OTP getting the exact OTP",1,2025-03-29 14:29:38,Google Play,2026-04-15
BOA,always problematic hardly works,1,2025-03-26 13:28:25,Google Play,2026-04-15
BOA,"worst app and Bank ever u be ashamed, scammer",1,2025-03-24 17:00:42,Google Play,2026-04-15
BOA,great BoA,5,2025-03-22 12:46:56,Google Play,2026-04-15
BOA,i have went to the bank so many times because i couldn't make any transaction i can only see my balance nothing else so what is the point of having mobile banking if i can't make any transaction with it please work in that,1,2025-03-21 10:49:11,Google Play,2026-04-15
BOA,there is no speed,1,2025-03-19 19:12:01,Google Play,2026-04-15
BOA,"For anyone who wants to download it, just don't!!!",1,2025-03-19 16:02:57,Google Play,2026-04-15
BOA,wonderful,5,2025-03-19 13:58:10,Google Play,2026-04-15
BOA,all worck,5,2025-03-19 12:55:57,Google Play,2026-04-15
BOA,Loved it,5,2025-03-14 17:57:04,Google Play,2026-04-15
BOA,Wow,1,2025-03-14 03:37:53,Google Play,2026-04-15
BOA,"Edit: New bug, app not letting me type in my otp codes. Shameful Why does this app not allow me to use it while having developer options on? Did y'all consider that I might, perhaps, be an actual developer? Why am I expected to toggle the option on and off just to bank (restarting my phone when I do)? Why is the message labled as somthing that will ""smoothen"" the experience? This is like the most ""security consultant"" thing to implement in an app. Please invest in actual security, not this mess.",1,2025-03-12 22:41:25,Google Play,2026-04-15
BOA,Improved to be the best,5,2025-03-11 12:32:31,Google Play,2026-04-15
BOA,"Decent, but there problems sometimes it says error When i transfer money but infact it transferred because of this bug i transferred 2 times instead of 1 and also we can't transfer money to others telebirr acc we only can to our self BOE Dev fix this !!!",3,2025-03-11 09:22:01,Google Play,2026-04-15
BOA,BoA Greqt Ethiopian bank.,5,2025-03-11 08:31:05,Google Play,2026-04-15
BOA,"The bug is still there,the app crashes every time i try to log in, especially in old phones like my Galaxy A32",1,2025-03-10 20:11:15,Google Play,2026-04-15
BOA,Almost better compared to cbe where it is not qualified for,4,2025-03-09 11:50:02,Google Play,2026-04-15
BOA,what awesome apps. it is very simple to use and more much important apps.,5,2025-03-09 11:34:30,Google Play,2026-04-15
BOA,Wonderfull app,5,2025-03-08 10:23:26,Google Play,2026-04-15
BOA,i can't use this app why?,5,2025-03-07 14:28:00,Google Play,2026-04-15
BOA,Worst mobile banking app I ever experienced I was blaming other apps but comparing with this they're too much better!!!! It clashes it takes much longer time to login while loading in short it's a complete of trash,1,2025-03-06 22:44:28,Google Play,2026-04-15
BOA,bro the worst app made by human kind!! as a software engineer it make me so sad seeing enterprise as big as BOA make apps like this. it is a disgrace for our country!!,1,2025-03-05 15:03:56,Google Play,2026-04-15
BOA,AGA B Girja Miss language of admin Afaan oromo & other Itoophiyaa languages,1,2025-03-04 20:03:40,Google Play,2026-04-15
BOA,Good app,5,2025-03-03 16:47:22,Google Play,2026-04-15
BOA,"I downloaded the app for the first time while reading other customers reviews and as soon as i installed and opened the app it closes back automatically, what unserious bank, now i uninstalled the app immediately",1,2025-03-03 09:24:29,Google Play,2026-04-15
BOA,It has good features but sometimes it doesn't work...0,1,2025-03-02 17:02:17,Google Play,2026-04-15
BOA,Very poor proformance,1,2025-03-01 23:02:44,Google Play,2026-04-15
BOA,It's not opening. Really frustrating,1,2025-03-01 17:18:34,Google Play,2026-04-15
BOA,Verry Amazing App from all IB,5,2025-03-01 11:35:08,Google Play,2026-04-15
BOA,Not working on this days,1,2025-02-26 13:29:28,Google Play,2026-04-15
BOA,Thank you BoA,5,2025-02-23 11:06:47,Google Play,2026-04-15
BOA,best banking app in the wworld,5,2025-02-22 19:58:17,Google Play,2026-04-15
BOA,Nice app and it's easy to use,5,2025-02-21 12:41:42,Google Play,2026-04-15
BOA,"please add language in the apps setting(amharic afan oromo, tigniya,and others) sometimes bank to bank transfer is not available through time and even if if it is available not reachable…it is serious issue!",1,2025-02-15 18:15:50,Google Play,2026-04-15
BOA,This is help full i like ittttt,5,2025-02-14 21:09:06,Google Play,2026-04-15
BOA,The is not functional at all?,2,2025-02-12 11:31:48,Google Play,2026-04-15
BOA,Best bank,5,2025-02-08 11:08:52,Google Play,2026-04-15
BOA,Make it easy and convienient to use and perfect for all to high prefrence and choice.,3,2025-02-07 09:28:37,Google Play,2026-04-15
BOA,🇪🇹🇪🇹🇪🇹🇪🇹🇪🇹🇪🇹👍👍👍👍👍👍👍,5,2025-02-04 08:48:51,Google Play,2026-04-15
BOA,I have been using this app for two years.It is amazing.,5,2025-02-01 00:18:26,Google Play,2026-04-15
BOA,Good 👍,5,2025-01-31 17:46:28,Google Play,2026-04-15
BOA,Sad experience,1,2025-01-30 20:27:28,Google Play,2026-04-15
BOA,Always do update and that is annoying,3,2025-01-27 09:11:12,Google Play,2026-04-15
BOA,"Best app, somehow waiting a few minutes",5,2025-01-23 16:02:28,Google Play,2026-04-15
BOA,I can't dijitalize my atm in the apollo app on my phone,1,2025-01-22 06:05:22,Google Play,2026-04-15
BOA,Whenever I try to sign in app close please fixed it out,2,2025-01-21 19:34:22,Google Play,2026-04-15
BOA,Beter,5,2025-01-21 12:47:47,Google Play,2026-04-15
BOA,Boa,4,2025-01-18 16:17:34,Google Play,2026-04-15
BOA,በጣም የሚያስጠላ አፕ በጣም የወረደ ዜሮ ነው የምሰጠው ዘሮ It's not App it's very slow ehhhh. Why don't you upgrade the app???? It's always zero,1,2025-01-18 13:33:28,Google Play,2026-04-15
BOA,Aadan Axmed Barkhadle,5,2025-01-17 19:23:05,Google Play,2026-04-15
BOA,😡😡😡🤬🤬🤬,1,2025-01-16 12:46:26,Google Play,2026-04-15
BOA,Horrible customer service and app crashes Horrible!!,1,2025-01-15 13:24:17,Google Play,2026-04-15
BOA,I love it,5,2025-01-14 11:17:47,Google Play,2026-04-15
BOA,It keeps asking me to turn off developer mode even when dev mode is off. Couldn't use it.,1,2025-01-13 15:45:23,Google Play,2026-04-15
BOA,Good🙏,5,2025-01-12 02:27:14,Google Play,2026-04-15
BOA,Like to much,5,2025-01-11 10:43:49,Google Play,2026-04-15
BOA,Thank you,5,2025-01-10 19:24:54,Google Play,2026-04-15
BOA,Perfect,5,2025-01-09 19:02:07,Google Play,2026-04-15
BOA,The best of best,5,2025-01-09 15:57:55,Google Play,2026-04-15
BOA,I was using this app for long time it amazing user friendly UI but the i can't found for get pin button in the app,3,2025-01-07 12:26:17,Google Play,2026-04-15
BOA,Great 👍,5,2025-01-04 16:59:09,Google Play,2026-04-15
BOA,Fast and suitable for the customers.,5,2025-01-04 08:16:44,Google Play,2026-04-15
Dashen,i have used this app starting from the first date that launched it is interested and easiest app next to tellbirr in my experience,5,2026-04-11 14:23:08,Google Play,2026-04-15
Dashen,The worst mobile banking app in Ethiopia🤮🤮🤮,1,2026-04-10 11:53:12,Google Play,2026-04-15
Dashen,it is very Exciting app🙏,5,2026-04-09 11:24:53,Google Play,2026-04-15
Dashen,Transfer to other bank link is still not working .,5,2026-04-09 05:58:35,Google Play,2026-04-15
Dashen,super fast,5,2026-04-08 16:23:09,Google Play,2026-04-15
Dashen,👌👌👌👌,5,2026-04-08 11:19:43,Google Play,2026-04-15
Dashen,it is not working,1,2026-04-07 11:57:24,Google Play,2026-04-15
Dashen,where is the virtual master card you are talking about. are we allowed to have multiple cards since its virtual btw your app is nice,5,2026-04-06 22:00:35,Google Play,2026-04-15
Dashen,Why haven’t you fixed this issue 👇 Temporarily Unavailable We're currently updating this service to improve your experience. It will be restored soon. Thank you for your patience,4,2026-04-06 18:38:04,Google Play,2026-04-15
Dashen,The Best Bank,5,2026-04-05 16:15:37,Google Play,2026-04-15
Dashen,great,5,2026-04-04 23:16:07,Google Play,2026-04-15
Dashen,this dashin super app that I don't recommend anyone use it,1,2026-04-04 20:31:34,Google Play,2026-04-15
Dashen,በዋይፋይ አይሰራም።,1,2026-04-04 14:54:57,Google Play,2026-04-15
Dashen,there is no a system every day,1,2026-04-04 12:38:33,Google Play,2026-04-15
Dashen,You talk much more !! Nothing is UNIQUE THAN OTHER APPS!!!,1,2026-04-04 04:30:35,Google Play,2026-04-15
Dashen,good,4,2026-04-01 18:22:40,Google Play,2026-04-15
Dashen,nice app,4,2026-04-01 09:15:08,Google Play,2026-04-15
Dashen,"The app is grand. but it's missing two things. one is the option to see exchange rates and the other is, when opening the app we would love it if there is the option to input your biometrics directly instead of clicking another button to pop it up.",5,2026-03-31 23:41:30,Google Play,2026-04-15
Dashen,i got question why we can't withdraw my remaining 50 birr..... anyother bank let me with draw any amount but dashnbank is kinda of annoying it says it has 50 has to remain are u somekind of theif or tell me how to fix this😡😡,1,2026-03-28 12:47:38,Google Play,2026-04-15
Dashen,very good,5,2026-03-25 15:23:52,Google Play,2026-04-15
Dashen,ምርጥ ነው።,5,2026-03-22 22:32:47,Google Play,2026-04-15
Dashen,👍🏿good,5,2026-03-21 13:33:49,Google Play,2026-04-15
Dashen,amaizing app,5,2026-03-17 13:12:15,Google Play,2026-04-15
Dashen,💯,5,2026-03-17 08:50:16,Google Play,2026-04-15
Dashen,best option,5,2026-03-16 04:24:06,Google Play,2026-04-15
Dashen,like 🥰,5,2026-03-12 00:40:41,Google Play,2026-04-15
Dashen,worst application,1,2026-03-11 20:09:21,Google Play,2026-04-15
Dashen,best,5,2026-03-10 16:25:37,Google Play,2026-04-15
Dashen,Excellent,5,2026-03-08 15:56:24,Google Play,2026-04-15
Dashen,so funy,5,2026-03-08 15:37:18,Google Play,2026-04-15
Dashen,Good luck 👍 for my ambition ✔️💯%,4,2026-03-08 06:30:05,Google Play,2026-04-15
Dashen,good job,4,2026-03-07 13:58:21,Google Play,2026-04-15
Dashen,ዳሸን ሱፐር አፕ ይለያል,5,2026-03-07 07:23:24,Google Play,2026-04-15
Dashen,Nice,4,2026-03-06 12:10:17,Google Play,2026-04-15
Dashen,ሁሌ አይሰራም መሽከርከር ብቻ ባላንስ አያሳይ ትራንስፈር አይሰራ አፑ ራሱ አይከፍት ብር ይቆርጣል እንጂ አይልክ ። ወሬ ብቻ 4 ወር አየውት ወሬ ቲሽ,1,2026-03-05 16:42:52,Google Play,2026-04-15
Dashen,dashen bank super up,5,2026-03-05 14:58:54,Google Play,2026-04-15
Dashen,good but not fast,1,2026-03-03 17:16:33,Google Play,2026-04-15
Dashen,it works all we need but if there is good internet connection.,3,2026-03-01 10:53:05,Google Play,2026-04-15
Dashen,birhanu debebe getahuu,5,2026-02-27 22:30:13,Google Play,2026-04-15
Dashen,waw,5,2026-02-27 14:27:56,Google Play,2026-04-15
Dashen,yes waw,5,2026-02-26 01:11:10,Google Play,2026-04-15
Dashen,I use this app it's best,5,2026-02-25 20:25:54,Google Play,2026-04-15
Dashen,"What's the problem with VPN?, i use a local VPN and turning that off for this app sucks",1,2026-02-25 20:18:56,Google Play,2026-04-15
Dashen,Thank you. Very nice App.,5,2026-02-25 18:47:19,Google Play,2026-04-15
Dashen,very important,5,2026-02-23 23:41:43,Google Play,2026-04-15
Dashen,"Dashen Bank SuperApp is user‑friendly, fast, and very convenient for daily banking. Transactions are smooth, and the app keeps improving with useful features. A great digital banking experience overall highly recommended.",5,2026-02-23 20:04:51,Google Play,2026-04-15
Dashen,Biometrc authentication is not working in this updated version.,3,2026-02-23 14:34:56,Google Play,2026-04-15
Dashen,perfect,5,2026-02-21 18:58:47,Google Play,2026-04-15
Dashen,ok,5,2026-02-20 18:08:52,Google Play,2026-04-15
Dashen,One of the best in Ethiopia,5,2026-02-20 16:27:45,Google Play,2026-04-15
Dashen,Mostly slow or doesn't open altogether. A clumsy app,2,2026-02-16 12:34:40,Google Play,2026-04-15
Dashen,"This is painfully very slow to load, switch between accounts and check balances.",1,2026-02-13 17:40:19,Google Play,2026-04-15
Dashen,"the app used to work fine, but the last update ruined something even RTGS transfer isn't working",2,2026-02-10 13:59:06,Google Play,2026-04-15
Dashen,The app is good but sometimes it is lagging,4,2026-02-09 14:07:52,Google Play,2026-04-15
Dashen,please fix the glitch it has bug,3,2026-02-09 13:35:09,Google Play,2026-04-15
Dashen,Problem Everyday! Not even close to other banking apps. Crashing every time and failed to load most of the time!,1,2026-02-09 10:03:04,Google Play,2026-04-15
Dashen,This is the worst mobile banking app I've ever used 😡 please improve it.,1,2026-02-07 08:33:44,Google Play,2026-04-15
Dashen,The most realistic and modernized financial service in ethiopia i recommend every individual to use this application probably. Always one step ahed 💯,5,2026-02-03 20:38:00,Google Play,2026-04-15
Dashen,It's very interesting,5,2026-02-02 14:30:36,Google Play,2026-04-15
Dashen,"The most unreliable, frustrating and worst app I have ever used! imagine being in a restaurant and trying paying bills, but not processing! It is the time you will deeply understand what reliability means.",1,2026-02-01 18:38:08,Google Play,2026-04-15
Dashen,"the amount of times I have gone to the bank to get this thing working is a lot. on top of that, it stops working on a random day which means another bank visit. found it to be unreliable",1,2026-01-31 09:07:21,Google Play,2026-04-15
Dashen,"Disgusting! You can't Buy any goods thinking you will transfer from this app. it is so inconsistent, it is not reliable. The so Called Super app is Super slow. Such a shame! 2/10.",1,2026-01-31 08:33:58,Google Play,2026-04-15
Dashen,መልክ ብቻ,1,2026-01-31 07:17:30,Google Play,2026-04-15
Dashen,"The app is great but please, please do something with the mini statement and the transactions to CBE 🙏🙏🙏",2,2026-01-31 00:48:46,Google Play,2026-04-15
Dashen,please the app is not working properly. fix this problem soon. it's not loading my balance and not able to transfer fund .,3,2026-01-30 21:35:01,Google Play,2026-04-15
Dashen,other bank and telebirr didn't work. Niged Bank is much better,1,2026-01-30 21:26:45,Google Play,2026-04-15
Dashen,It is so boring.....,1,2026-01-30 18:10:43,Google Play,2026-04-15
Dashen,"It is the slowest and most problematic app I have used. The app is often busy and does not open properly. Even when it opens, it fails to display my deposit account balance. I have already updated the app, but the issue is still the same. Dashen, please wake up and fix this.",1,2026-01-30 16:09:00,Google Play,2026-04-15
Dashen,stops working when you need it most.... and its on multiple occasions. and they won't even fix it right away.,1,2026-01-30 10:50:29,Google Play,2026-04-15
Dashen,"This app is so laggy and unreliable, can't even make transaction to wallet or other bank. I tried to reinstall the app now i can't even login to the app",1,2026-01-30 10:47:09,Google Play,2026-04-15
Dashen,ስንፈልገው ካልሰራ ምንድነው ጥቅሙ እንዴት አንድ በስርዓት የሚሰራ app መስራት ያቅታችኋል👎👎👎👎,1,2026-01-29 22:02:56,Google Play,2026-04-15
Dashen,yes it's the best app,5,2026-01-29 20:04:51,Google Play,2026-04-15
Dashen,please improve the app function on its not working properly,3,2026-01-29 15:24:21,Google Play,2026-04-15
Dashen,my dashen is really proud,5,2026-01-24 17:47:23,Google Play,2026-04-15
Dashen,the new update asks for a pin again & again its annoying fix it,1,2026-01-24 12:47:20,Google Play,2026-04-15
Dashen,very nice,5,2026-01-23 17:19:45,Google Play,2026-04-15
Dashen,the best design speed attractive 😍 i love this app,5,2026-01-21 22:24:51,Google Play,2026-04-15
Dashen,Good 👍,5,2026-01-21 21:09:40,Google Play,2026-04-15
Dashen,"The user interface and functions are impressive. However, it lags when performing several transactions. It needs attention.",3,2026-01-21 17:34:13,Google Play,2026-04-15
Dashen,it's fast and easy,4,2026-01-20 16:49:44,Google Play,2026-04-15
Dashen,best in class bank,5,2026-01-20 15:40:19,Google Play,2026-04-15
Dashen,it's good,5,2026-01-20 12:03:57,Google Play,2026-04-15
Dashen,Masha Allah this application platform very active and fast so thank you so much future greater than above transaction other customers uster satisfaction regarding to digitalization of Ethiopia 2030 and world 🌎,5,2026-01-19 21:40:20,Google Play,2026-04-15
Dashen,worst bank ever ...,1,2026-01-19 02:36:54,Google Play,2026-04-15
Dashen,dashen: always one stepbahead!,5,2026-01-17 16:58:26,Google Play,2026-04-15
Dashen,good app,5,2026-01-17 10:59:56,Google Play,2026-04-15
Dashen,higher like the mountain,5,2026-01-16 16:17:52,Google Play,2026-04-15
Dashen,verynice app great,5,2026-01-16 13:15:01,Google Play,2026-04-15
Dashen,Important App,4,2026-01-16 11:41:49,Google Play,2026-04-15
Dashen,please adjust to send to other telebirr wallet,4,2026-01-14 16:09:51,Google Play,2026-04-15
Dashen,ባንችአታላይ ቤዛዊ ትሸዊት ዳሽንባንክ,1,2026-01-10 13:25:13,Google Play,2026-04-15
Dashen,"Dashen supper app is fast ,secure, user-friendly and reliable app that makes managing my daily transaction .This app gives me total control over my accounts with peace of mind.",5,2026-01-09 22:39:57,Google Play,2026-04-15
Dashen,this app good,5,2026-01-09 19:18:38,Google Play,2026-04-15
Dashen,The old version was much better than the Super App. The Super App has many issues. You should consider rewarding users who report problems to help improve it and truly make it Super,3,2026-01-08 18:56:30,Google Play,2026-04-15
Dashen,THE WORST BANK. THE WORST APP.,1,2026-01-08 17:00:09,Google Play,2026-04-15
Dashen,satisfied,4,2026-01-03 11:40:40,Google Play,2026-04-15
Dashen,Very bad app I ever saw,1,2026-01-02 19:51:23,Google Play,2026-04-15
Dashen,"Very disappointing app. Other bank transfers don’t work at all I keep getting errors. It’s slow, unreliable, and frustrating Please fix this issue until then, I don’t recommend it",1,2025-12-31 01:45:15,Google Play,2026-04-15
Dashen,best 👌 app,5,2025-12-30 11:52:51,Google Play,2026-04-15
Dashen,"I have been trying repeatedly to send money to my Telebirr wallet and to another account, but your platform completely fails to process the transactions. This has been nothing but a waste of my time and patience. Your system is unreliable and clearly not working as it should. I also contacted your customer service, hoping for support, but they were useless and unprofessional. They showed zero interest in actually solving the problem and offered no meaningful help at all.👎👎👎",1,2025-12-28 07:32:39,Google Play,2026-04-15
Dashen,true app,5,2025-12-27 18:18:01,Google Play,2026-04-15
Dashen,Waw dashen bank my frist choice 👍👍,5,2025-12-26 21:20:00,Google Play,2026-04-15
Dashen,Am satisfied more enough....with Dashen Bank,5,2025-12-26 01:42:01,Google Play,2026-04-15
Dashen,it is a pity that this apk is loosing it purpose and focus diverted. this days it is trash. amole is by far better in serving its purpose,1,2025-12-23 10:41:58,Google Play,2026-04-15
Dashen,telebirr suparapp,5,2025-12-22 23:18:40,Google Play,2026-04-15
Dashen,Very good,5,2025-12-22 15:02:52,Google Play,2026-04-15
Dashen,"the most experienced app, so nice job dashen bank s.c .",5,2025-12-21 23:28:56,Google Play,2026-04-15
Dashen,it's good app I liked,5,2025-12-21 20:37:24,Google Play,2026-04-15
Dashen,"An interesting app; that is convenient, user friendly, fast & so on... w/c leads the banking services to be digitalized locally and be competitive globally at large. We'r proud of DB!!",5,2025-12-20 23:55:13,Google Play,2026-04-15
Dashen,i love dashe supper up. keep up my bank,5,2025-12-19 20:18:10,Google Play,2026-04-15
Dashen,goood app,4,2025-12-17 13:14:27,Google Play,2026-04-15
Dashen,Nice app.,5,2025-12-17 02:25:31,Google Play,2026-04-15
Dashen,nice,5,2025-12-16 16:01:11,Google Play,2026-04-15
Dashen,dashing bank,5,2025-12-16 15:25:13,Google Play,2026-04-15
Dashen,it is amazing app and also secure,5,2025-12-16 13:32:57,Google Play,2026-04-15
Dashen,This app is vey impressive,5,2025-12-15 19:53:47,Google Play,2026-04-15
Dashen,Great app! Why doesn’t it include digital loan features? Adding this option would be very helpful for customers.,2,2025-12-14 18:41:00,Google Play,2026-04-15
Dashen,great app,5,2025-12-13 15:43:23,Google Play,2026-04-15
Dashen,"Simple, updated and all enclosive so I prefer it🙏",5,2025-12-12 19:01:31,Google Play,2026-04-15
Dashen,Good,5,2025-12-12 16:42:05,Google Play,2026-04-15
Dashen,"great app,thanks dashen",5,2025-12-12 16:28:37,Google Play,2026-04-15
Dashen,its good app,5,2025-12-12 14:17:15,Google Play,2026-04-15
Dashen,"The UI/UX appears well-designed, but it has some critical issues that need attention, such as the inability to display full transaction histories and the presence of numerous mini-apps within a single card view, making it difficult to locate individual mini-apps easily.",4,2025-12-11 18:39:48,Google Play,2026-04-15
Dashen,well,5,2025-12-10 10:36:23,Google Play,2026-04-15
Dashen,it is so fantastic and user friendly app. Bravo Dashen bank thanks.,5,2025-12-09 12:06:40,Google Play,2026-04-15
Dashen,አፑ ቆንጆ ነው ለምንጅነው አሞሌ ላይ ያሉ እሱ ላይ የሌሉት?,3,2025-12-07 19:27:50,Google Play,2026-04-15
Dashen,ilike this app,5,2025-12-07 17:15:07,Google Play,2026-04-15
Dashen,it was perfect but sending money to telebirr isn't available,2,2025-12-06 10:11:13,Google Play,2026-04-15
Dashen,dashen super app easy to use,5,2025-12-05 12:47:53,Google Play,2026-04-15
Dashen,Dashen Bank always one step a head,5,2025-12-05 12:43:00,Google Play,2026-04-15
Dashen,Not good,1,2025-12-05 10:40:12,Google Play,2026-04-15
Dashen,why you always say update.,5,2025-12-04 21:05:02,Google Play,2026-04-15
Dashen,it's very expressive and fast and easy to Use.,5,2025-12-04 18:00:29,Google Play,2026-04-15
Dashen,Dashn Bank is fast and easy,5,2025-12-04 16:19:06,Google Play,2026-04-15
Dashen,this bank is very nice to me,5,2025-12-04 15:07:33,Google Play,2026-04-15
Dashen,it's the best mobile banking app I ever seen,5,2025-12-04 07:46:55,Google Play,2026-04-15
Dashen,ምቹ እና ቀላል ምርጥ መተግበሪያ ነው ወድጄዋለሁ ።,5,2025-12-04 03:46:48,Google Play,2026-04-15
Dashen,than u,5,2025-12-03 15:34:42,Google Play,2026-04-15
Dashen,Interesting App.,5,2025-12-03 10:52:51,Google Play,2026-04-15
Dashen,it takes time to login. but after login its good but sometimes unexpected termination occur in which rises untrust to use usually the app. Because of this am forcely using other bank applications.,3,2025-12-03 10:48:07,Google Play,2026-04-15
Dashen,good jop,5,2025-12-03 10:42:01,Google Play,2026-04-15
Dashen,I always receive excellent service & follow up. they strive to complete customer needs. they always available. I am totally happy with Dashen services given. Thanks. Blessings.,5,2025-12-03 06:08:53,Google Play,2026-04-15
Dashen,ፍፁምውርቁያደቴ,5,2025-12-02 21:36:24,Google Play,2026-04-15
Dashen,ይህ መተግበሪያ በውስጡ የያዘው አገልግሎት ብጣም ጥሩ ነው ነገር ግን በሁሉም የሞባይል device ላይ ሲጫን እና transaction ስንሰራ በጣም ቀርፍፍ እና እዝጋሚ ነው በትንሽ Network መስራት እንዲችል አድርጋቹህ አበልፅጉት አስተካክሉት (customer),3,2025-12-02 20:29:26,Google Play,2026-04-15
Dashen,exelent,5,2025-12-02 19:19:08,Google Play,2026-04-15
Dashen,BeREkT,1,2025-12-02 15:28:21,Google Play,2026-04-15
Dashen,"the is always under mentenance, or temporarily unavailable and they're adding features no one is looking for at the cost of not being able to use the app in the first place.",1,2025-12-02 12:47:03,Google Play,2026-04-15
Dashen,Dashen bank is my first choice it's best bank for me and super app is easy to use anything and it's bery fast.,5,2025-12-02 00:15:46,Google Play,2026-04-15
Dashen,"its Good App when we compare to others but when we enter our code,it takes too long to open the apps fix it please",4,2025-12-01 21:18:41,Google Play,2026-04-15
Dashen,easy to use and comfortable.,5,2025-12-01 20:26:20,Google Play,2026-04-15
Dashen,best app,4,2025-12-01 15:36:11,Google Play,2026-04-15
Dashen,Great,5,2025-12-01 13:59:21,Google Play,2026-04-15
Dashen,when u release update its always a problem,5,2025-12-01 12:58:31,Google Play,2026-04-15
Dashen,primary choice,5,2025-12-01 11:06:17,Google Play,2026-04-15
Dashen,its use friendly,4,2025-12-01 11:01:24,Google Play,2026-04-15
Dashen,"The apk need time to open the passward page immediately , and lagging.",1,2025-12-01 08:48:25,Google Play,2026-04-15
Dashen,"this app is not good it's, access are limited and u guys are working only on it's graphics we need it for banking activities not for game. make it more active and better its dormant. i don't like it cbe is better than.",1,2025-11-30 22:06:29,Google Play,2026-04-15
Dashen,very smart App easy to use and friendly,5,2025-11-29 16:22:04,Google Play,2026-04-15
Dashen,Very exemplery App to other Bank Aps !,5,2025-11-29 02:45:26,Google Play,2026-04-15
Dashen,It Is An Amazing app,4,2025-11-28 09:44:21,Google Play,2026-04-15
Dashen,"its fast and easy to communicate to the app and its available all area keep it up.i will make Happy for this application thank you dashen bank for your effort,commitment and dedication. i appricated your work.",5,2025-11-26 18:02:58,Google Play,2026-04-15
Dashen,What do you care about my phone's settings? Who are you to tell me what to turn off and on? It is my phone after all. This *develoler option* thing will cost you a lot of users who are willing to leave the bank once and for all. Turn this thing off. 6 you fear this is a security issue fix your side not mine.,1,2025-11-25 17:03:10,Google Play,2026-04-15
Dashen,Exceptional Product.,5,2025-11-23 11:49:24,Google Play,2026-04-15
Dashen,very easy app,3,2025-11-23 08:37:38,Google Play,2026-04-15
Dashen,"The Dashen Super App is very impressive. It is fast, easy to use, and provides smooth access to all essential banking services. Money transfer, bill payment, balance check, and other features work efficiently without issues. The design is clean and user-friendly. Great step forward in digital banking — keep up the good work, Dashen Bank!..",5,2025-11-19 20:51:58,Google Play,2026-04-15
Dashen,በጣም ፈጣን ሥቹ አስተማማኝ ወድጃዋለው,5,2025-11-18 22:05:15,Google Play,2026-04-15
Dashen,"it's a really slow app, I'm not sure what the issue is. Even other bank transfers are not working",2,2025-11-18 13:26:04,Google Play,2026-04-15
Dashen,"it say's disable developer option, i disabled it but its not working still",1,2025-11-17 11:23:29,Google Play,2026-04-15
Dashen,with the super app evry thing i need is just a tap away,5,2025-11-17 08:39:31,Google Play,2026-04-15
Dashen,eyita tips,1,2025-11-15 15:38:49,Google Play,2026-04-15
Dashen,clear and presize,5,2025-11-15 14:47:13,Google Play,2026-04-15
Dashen,smooth and easy!!!,5,2025-11-14 13:42:09,Google Play,2026-04-15
Dashen,I have had an amazing experience with this app;ot os convenient and easy to use,5,2025-11-14 13:37:45,Google Play,2026-04-15
Dashen,"All in One Super App with smooth navigation, transaction and lifestyle services",5,2025-11-14 13:30:57,Google Play,2026-04-15
Dashen,Very nice App.,5,2025-11-14 13:19:23,Google Play,2026-04-15
Dashen,system failure transfer to others account,2,2025-11-13 23:12:49,Google Play,2026-04-15
Dashen,thank you,1,2025-11-13 16:54:07,Google Play,2026-04-15
Dashen,"Only the UI/UX is good, but it doesn't function properly. It's a shame that a leading tech bank has such an app. Amole is far better.",1,2025-11-13 15:33:36,Google Play,2026-04-15
Dashen,"excellent app. to use perfectlly to pay,transfer,tele airtime and so on.",5,2025-11-12 18:52:55,Google Play,2026-04-15
Dashen,wow dashen bank super app,5,2025-11-12 12:20:07,Google Play,2026-04-15
Dashen,"This so-called “Super App” is a complete disappointment. It’s confusing, slow, and full of glitches honestly, it feels like it was designed to test people’s patience, not to help them bank. Calling it “super” is a joke; it’s one of the most useless apps I’ve ever used.",1,2025-11-11 17:57:21,Google Play,2026-04-15
Dashen,very nice app I have ever seen,5,2025-11-10 23:06:02,Google Play,2026-04-15
Dashen,NASTY BANK . EVEN THE SUPPER APP IS NOT WORKING WELL. WHEN I AM CALLING THEM THEY ARE NOT RESPONSE . PLEASE DON'T USE THIS APP BECAUSE YOU WILL LOSS YOU TIME ;ENERGY AND EVERYTHING . HOPELESS Bank .,1,2025-11-10 19:19:34,Google Play,2026-04-15
Dashen,it's good but is not fast,5,2025-11-09 16:40:07,Google Play,2026-04-15
Dashen,your financial system must improved,4,2025-11-09 15:13:07,Google Play,2026-04-15
Dashen,your service is too good,5,2025-11-09 08:18:32,Google Play,2026-04-15
Dashen,good experience,5,2025-11-09 08:15:48,Google Play,2026-04-15
Dashen,"Amazing app, 👏",5,2025-11-07 21:44:28,Google Play,2026-04-15
Dashen,wooow,5,2025-11-07 17:39:57,Google Play,2026-04-15
Dashen,Nice app,5,2025-11-07 13:08:16,Google Play,2026-04-15
Dashen,"easy to use, friendly",5,2025-11-06 20:34:55,Google Play,2026-04-15
Dashen,"12yr more LC, UCP & ICC & loan",5,2025-11-06 15:47:23,Google Play,2026-04-15
Dashen,"not attractive and friendly app. Check Awash, CBE apps",1,2025-11-06 14:19:27,Google Play,2026-04-15
Dashen,amzing,5,2025-11-06 11:04:59,Google Play,2026-04-15
Dashen,"The Dashen Super App is very impressive. It is fast, easy to use, and provides smooth access to all essential banking services. Money transfer, bill payment, balance check, and other features work efficiently without issues. The design is clean and user-friendly. Great step forward in digital banking — keep up the good work, Dashen Bank!",5,2025-11-05 20:11:36,Google Play,2026-04-15
Dashen,betam kerfafa naw,1,2025-11-05 16:47:58,Google Play,2026-04-15
Dashen,exceptional,5,2025-11-05 16:34:30,Google Play,2026-04-15
Dashen,worst app ever,1,2025-11-05 15:34:32,Google Play,2026-04-15
Dashen,"Dashen, always two step ahead.",5,2025-11-05 15:33:19,Google Play,2026-04-15
Dashen,"Please try to fix the barrier between other banks specially with ""Commercial bank of Ethiopia""",3,2025-11-05 14:05:15,Google Play,2026-04-15
Dashen,👍,5,2025-11-05 13:35:38,Google Play,2026-04-15
Dashen,i am using,5,2025-11-05 13:21:24,Google Play,2026-04-15
Dashen,It is a wonderful App developed by a local talent. It deserves an appreciation. It will continue to evolve with new exciting features.,5,2025-11-05 09:51:46,Google Play,2026-04-15
Dashen,wonderful app,5,2025-11-05 09:03:34,Google Play,2026-04-15
Dashen,"i love the app it features are perfect, but it asks to update too many times to activate your need to visit a nearest branch and that takes time. other than that the app is great I like it",5,2025-11-05 08:25:51,Google Play,2026-04-15
Dashen,go ahead,5,2025-11-05 07:49:30,Google Play,2026-04-15
Dashen,its supper,5,2025-11-04 19:47:11,Google Play,2026-04-15
Dashen,it's so boring,1,2025-11-04 18:37:56,Google Play,2026-04-15
Dashen,Dashen Bank Super App is the latest version of online banking system that is the gift from Dashen bank for us Thanks to Dashen,5,2025-11-04 16:07:00,Google Play,2026-04-15
Dashen,"i rarely leave reviews, but this app truely deserves one.it's efficient ,secure , reliable and makes fanancial tasks effortless.definitely 5 stars for this exceptional app",5,2025-11-04 15:35:15,Google Play,2026-04-15
Dashen,it has improved very much lately its working more and getting better but yet it is not fully fixed some time at night it doesn't work..i think the problem is it was launched too early.,3,2025-11-04 14:32:40,Google Play,2026-04-15
Dashen,Amazing,5,2025-11-03 16:36:28,Google Play,2026-04-15
Dashen,wow dashen bank,5,2025-11-03 10:52:11,Google Play,2026-04-15
Dashen,ብዙ ነጉር ይቀረዋል ወደ አፑ ስገባ በጣም ይዘገያል ባጭሩ ቀርፋፋ ነው,4,2025-11-02 15:58:57,Google Play,2026-04-15
Dashen,"I just updated my app to the latest version and I couldn't even see my balance, send money or do anything. It says service is unavailable and it will be fixed soon.",5,2025-11-01 12:55:50,Google Play,2026-04-15
Dashen,it's too slow,1,2025-11-01 12:50:25,Google Play,2026-04-15
Dashen,"Before the recent update, this app was great. Now, the home page is cluttered with promotions and banners, which really hurts the experience. I think the app stopped being banking app and started only to promote b/c 95% of the app is only ads, also full of bugs",1,2025-11-01 11:56:49,Google Play,2026-04-15
Dashen,"This might be the worst banking app I've ever used I dont know why kind of bug it is but suddenly the apps stops working it says ""Temporarily unavailable"" for a simple feature like viewing account balance and in person visit was no help it took them longer than 2 hours to fix it and even after that 2 weeks later the same problem just because of this I'm going to stop using the bank altogether which is a shame because it's a decent bank",1,2025-11-01 09:46:53,Google Play,2026-04-15
Dashen,app is too slow not opening fast,1,2025-10-31 00:20:28,Google Play,2026-04-15
Dashen,"it's seems to have some improvements, I don't know what's going on with this app sometimes get collapseed. This is not expected from Dashen bank, which is amongst from famous and greatest banks.",1,2025-10-30 17:55:02,Google Play,2026-04-15
Dashen,very nise good,5,2025-10-30 16:17:37,Google Play,2026-04-15
Dashen,very interesting,5,2025-10-30 11:57:02,Google Play,2026-04-15
Dashen,what your emplyees tell as about the app when they came to our store and what actually the app is different,1,2025-10-30 10:40:08,Google Play,2026-04-15
Dashen,Excellent promotion,5,2025-10-30 07:18:27,Google Play,2026-04-15
Dashen,viry good,5,2025-10-29 18:37:54,Google Play,2026-04-15
Dashen,"Dashen Bank Super App is incredibly convenient! Easy to use, fast, and reliable – a great app to manage everything in one place.",5,2025-10-29 13:12:01,Google Play,2026-04-15
Dashen,it is the worst app ever istg 🤮🤮🤮,1,2025-10-29 04:06:49,Google Play,2026-04-15
Dashen,"Dashen Super App is a game-changer with its sleek, user-friendly interface. Lightning-fast responses and seamless navigation make every task a breeze. Love the organized layout and clear features that save time daily. Fantastic work—highly recommended for effortless banking!",5,2025-10-28 17:18:01,Google Play,2026-04-15
Dashen,"The design is clean and modern, and everything works smoothly without bugs. I love how reliable the app is it makes banking so convenient.",5,2025-10-28 16:46:47,Google Play,2026-04-15
Dashen,"A true banking super app! The Dashen Super App combines great design, security, and an impressive range of features. Highly recommended for anyone looking for a complete digital banking experience.",5,2025-10-28 16:44:46,Google Play,2026-04-15
Dashen,"​I appreciate that this app allowed me to access multiple services in one centralized place. Thank you, Dashen Bank!",5,2025-10-28 16:11:32,Google Play,2026-04-15
Dashen,"This app makes my day-to-day payments so easy. Everything works perfectly, and it saves me a lot of time.",5,2025-10-28 16:10:13,Google Play,2026-04-15
Dashen,It’s impressive how consistently the app is improving. I’ve been using it for months and they have improved a lot in terms of not only beauty but also performance wise.,5,2025-10-28 15:50:27,Google Play,2026-04-15
Dashen,This app has replaced several others for me. It has everything I need in one place.,5,2025-10-28 15:45:08,Google Play,2026-04-15
Dashen,"The app has evolved impressively over time. The latest release adds dark and light modes that enhance usability and design. It’s intuitive, modern, and clearly built with the user in mind — setting a new benchmark for digital banking.",5,2025-10-28 15:40:52,Google Play,2026-04-15
Dashen,"Dashen superapp just keeps improving. The new theme options are beautiful, and the overall experience is faster and smoother than ever",5,2025-10-28 15:38:42,Google Play,2026-04-15
Dashen,I have been using this app for months and its easy to use and is user friendly thanks Dashen bank.,5,2025-10-28 15:36:56,Google Play,2026-04-15
Dashen,"Finally, banking made simple! Everything I need is in one super app. A true game changer for managing my finances on the go.",5,2025-10-28 15:34:16,Google Play,2026-04-15
Dashen,"I’ve been using the the App, and it’s been working really well for my daily transactions. Good work 👌",5,2025-10-28 15:28:36,Google Play,2026-04-15
Dashen,"I appreciate how secure this app feels. Every transaction comes with confirmation, and I always get alerts immediately.",5,2025-10-28 15:23:09,Google Play,2026-04-15
Dashen,I love the new dark theme it gives the app modern feel n make it more comfortable to use,5,2025-10-28 15:21:30,Google Play,2026-04-15
Dashen,"This is amazing app, as it name ,truly supper.",5,2025-10-28 15:20:21,Google Play,2026-04-15
Dashen,This is one of the most user friendly and impressive apps I have encountered in the banking sector,5,2025-10-28 15:19:14,Google Play,2026-04-15
Dashen,"Amazing UI and UX, the dark mode looks absolutely awesome!",5,2025-10-28 15:16:03,Google Play,2026-04-15
Dashen,The updated design looks amazing. I really appreciate being able to switch between dark and light mode it’s a small change that makes a big difference!,5,2025-10-28 15:11:58,Google Play,2026-04-15
Dashen,Astonishing interface with ease of access and complete performance,5,2025-10-28 15:10:53,Google Play,2026-04-15
Dashen,"I rarely leave reviews, but this app truly deserves one. It’s efficient, secure, and makes financial tasks effortless. Definitely a 5-star experience",5,2025-10-28 15:04:15,Google Play,2026-04-15
Dashen,stunning UI with reliable service!,5,2025-10-28 11:23:42,Google Play,2026-04-15
Dashen,"Super Up is the ultimate digital banking app, living up to its name with speed, efficiency, and innovation. Designed for a seamless experience, it offers lightning-fast transactions, top-tier security, and effortless financial management. With Super Up, banking has never been this smooth, smart, and super!",5,2025-10-27 12:40:59,Google Play,2026-04-15
Dashen,"The UI is impressive, but adding an ATM withdrawal feature for cardless cash access would enhance functionality. This may require updates to the ATM system as well. Please consider this, dev team.",4,2025-10-22 15:47:51,Google Play,2026-04-15
Dashen,convinent,5,2025-10-22 09:57:05,Google Play,2026-04-15
Dashen,it is Excellent April jest continue more abeaten.....,4,2025-10-19 17:06:42,Google Play,2026-04-15
Dashen,I like it,5,2025-10-18 14:10:01,Google Play,2026-04-15
Dashen,abdrug bentahuuuu,3,2025-10-17 07:24:22,Google Play,2026-04-15
Dashen,"Dashen SuperApp is the worst app for me because it consistently fails during transfers. When I try to send money, the transaction freezes for extended periods—sometimes a full day, and often two or three days or more. Crucially, the funds are neither delivered to the recipient nor immediately refunded to my account, which is incredibly frustrating and makes me feel like I've lost my money. The app urgently needs a technical update to ensure transactions process smoothly and reliably.",1,2025-10-14 16:08:03,Google Play,2026-04-15
Dashen,Best application,5,2025-10-14 15:38:49,Google Play,2026-04-15
Dashen,easy,5,2025-10-14 10:51:03,Google Play,2026-04-15
Dashen,lmo,5,2025-10-13 12:59:14,Google Play,2026-04-15
Dashen,meseret birara,5,2025-10-12 15:21:26,Google Play,2026-04-15
Dashen,it doesn't let me open my account,1,2025-10-12 11:28:43,Google Play,2026-04-15
Dashen,it is the best,5,2025-10-11 09:45:43,Google Play,2026-04-15
Dashen,nice and best,5,2025-10-10 19:00:07,Google Play,2026-04-15
Dashen,Finish the app development fully before you give the final result. It's is very inconvenient and not that reliable at the moment.,1,2025-10-08 15:01:12,Google Play,2026-04-15
Dashen,hayelu Beranu Bashre,5,2025-10-07 16:18:04,Google Play,2026-04-15
Dashen,👎👎👎👎👎👎👎👎 connection not fast,5,2025-10-07 16:01:33,Google Play,2026-04-15
Dashen,"@Shewangizaw L. As a heavy user of the app , the issue you raised around resetting pass pin concerned me and gave it a try and found it to be safe. Basically the app will do two things: verifies one using an otp and then requires an in-person visit to bank's physical branch for final verification after resetting the password. Therefore, safe to use! I wish ""i""nformational tip was added around the reset button. Could not attach screenshot.",4,2025-10-06 15:43:32,Google Play,2026-04-15
Dashen,for dashen bankk it is best app so why your bank onlyu one one app for mobile banking that means superr app,5,2025-10-05 15:59:15,Google Play,2026-04-15
Dashen,wow,5,2025-10-04 21:47:35,Google Play,2026-04-15
Dashen,tadesa melka tulluu,1,2025-10-04 19:25:06,Google Play,2026-04-15
Dashen,I can't open virtual account.I have been trying it for about 3 days still no resolve.,2,2025-10-04 17:47:57,Google Play,2026-04-15
Dashen,App is passive when compare to Amole it takes 3-5 seconds to open and i cannot refresh transactions what i did.,1,2025-10-03 19:22:10,Google Play,2026-04-15
Dashen,withdraw,1,2025-10-02 16:39:58,Google Play,2026-04-15
Dashen,It takes gazillion years to open 😶,3,2025-10-02 10:54:44,Google Play,2026-04-15
Dashen,this app is outstanding,5,2025-10-01 19:02:30,Google Play,2026-04-15
Dashen,totally bad,1,2025-10-01 16:23:57,Google Play,2026-04-15
Dashen,I really appreciate but we can't use it if don't have balance or data access,2,2025-10-01 11:07:29,Google Play,2026-04-15
Dashen,ሙነጃት አብድላ ሸረፍ,2,2025-09-30 10:32:47,Google Play,2026-04-15
Dashen,it fast service,5,2025-09-29 13:46:44,Google Play,2026-04-15
Dashen,"Good improvements after the Sep 25, 2025 update.",4,2025-09-29 10:17:49,Google Play,2026-04-15
Dashen,I have one issue though what if the mobile phone with the sim is stolen and have no pattern or pin. The app allows to reset the pin directly without 2FA like finger print just by sending sms. which is a big gap. It should be addressed I didn't expect but it does and no trust at all.,1,2025-09-28 19:50:25,Google Play,2026-04-15
Dashen,I love it 👍,5,2025-09-28 16:53:54,Google Play,2026-04-15
Dashen,Best,5,2025-09-28 15:50:55,Google Play,2026-04-15
Dashen,gooe,5,2025-09-28 07:03:09,Google Play,2026-04-15
Dashen,Dashen super app is the best all ethiopian banks keep it,5,2025-09-27 20:16:36,Google Play,2026-04-15
Dashen,cool app,5,2025-09-27 16:49:50,Google Play,2026-04-15
Dashen,App That makes cashless society in our century and Easy to use.,5,2025-09-27 15:05:30,Google Play,2026-04-15
Dashen,tadass,1,2025-09-27 14:52:55,Google Play,2026-04-15
Dashen,ሙሃጂራ,1,2025-09-27 13:27:18,Google Play,2026-04-15
Dashen,It is an amazing app and all in one,5,2025-09-27 13:15:35,Google Play,2026-04-15
Dashen,i dont like it,1,2025-09-27 11:49:14,Google Play,2026-04-15
Dashen,Dashen is the Future,5,2025-09-27 10:42:59,Google Play,2026-04-15
Dashen,the best version in 🇪🇹,5,2025-09-27 09:45:41,Google Play,2026-04-15
Dashen,excellent,5,2025-09-26 20:57:53,Google Play,2026-04-15
Dashen,"its amazing app, visually stunning",5,2025-09-26 20:44:46,Google Play,2026-04-15
Dashen,"Updates every time 🥲, when it's updated, it doesn't work at all. 😭",1,2025-09-26 19:53:04,Google Play,2026-04-15
Dashen,the best app from other dashen is unique its fast app ever i had in my life,5,2025-09-26 19:52:01,Google Play,2026-04-15
Dashen,I love the new user interface,5,2025-09-26 19:45:45,Google Play,2026-04-15
Dashen,"Appreciated, Always one step ahead!",5,2025-09-26 16:20:45,Google Play,2026-04-15
Dashen,👌👌,5,2025-09-26 16:17:54,Google Play,2026-04-15
Dashen,The app stops working whenever there is an update unless you update the app. But it is better if it kept working on and updating should be optional.,3,2025-09-26 16:11:16,Google Play,2026-04-15
Dashen,"This is the first time i have experienced this much cool app out of all the other mobile banking platforms, im genuinely happy to see this kind of app here, tnx",5,2025-09-26 15:14:21,Google Play,2026-04-15
Dashen,it can't do without data or wifi,1,2025-09-26 15:03:57,Google Play,2026-04-15
Dashen,"The best UI banking app from all those I used, other Ethiopian banks I used have a really old UI. This is very neat and easy to use. Also so reliable.",5,2025-09-26 14:30:17,Google Play,2026-04-15
Dashen,So nice !,5,2025-09-26 14:28:33,Google Play,2026-04-15
Dashen,What's the problem with this app's that asking for updates on a daily basis?,1,2025-09-25 17:13:14,Google Play,2026-04-15
Dashen,"Wow, I really loved the new UI/UX! Great job, Dashen Bank! You guys are the best mobile banking in Ethiopia.",5,2025-09-25 09:18:21,Google Play,2026-04-15
Dashen,excellent UI improvement 💯💯,5,2025-09-24 16:40:43,Google Play,2026-04-15
Dashen,one of the best app in Ethiopia .,5,2025-09-24 12:13:33,Google Play,2026-04-15
Dashen,The worst app. It needs updating everyday. Ouch 🤕,1,2025-09-19 13:10:53,Google Play,2026-04-15
Dashen,safe and secure,3,2025-09-18 09:52:51,Google Play,2026-04-15
Dashen,በጣም ምቹ ነው,4,2025-09-15 00:35:46,Google Play,2026-04-15
Dashen,"is not working right now with snmsung galaxy f15, please help me",1,2025-09-14 11:16:38,Google Play,2026-04-15
Dashen,Your staffs are really hardworking but the app is not like your employees,3,2025-09-12 10:11:59,Google Play,2026-04-15
Dashen,ዳሺባክ,5,2025-09-11 19:33:56,Google Play,2026-04-15
Dashen,total,5,2025-09-11 15:40:43,Google Play,2026-04-15
Dashen,dashen super app is the best,5,2025-09-10 15:49:07,Google Play,2026-04-15
Dashen,zero sezzs55sየየወደሠራዊቱ ደየእያቻቻሉ ሐየየመንደ ደም የሰው የየመን የሰው ።ደም ሐማሚጀየየ,5,2025-09-09 16:07:49,Google Play,2026-04-15
Dashen,not werke,2,2025-09-08 19:07:24,Google Play,2026-04-15
Dashen,what happened to dashen bank? this is by far the worst banking app. extremely slow when it works and is out of service all the time,1,2025-09-08 12:55:17,Google Play,2026-04-15
Dashen,simple and easy to use,5,2025-09-08 12:49:21,Google Play,2026-04-15
Dashen,meke,4,2025-09-07 21:13:58,Google Play,2026-04-15
Dashen,"not a great app compared to the others ,It freezes randomly ,Takes a lot to load ,and a lot of errors while sending money ,I stopped using it",1,2025-09-07 15:42:37,Google Play,2026-04-15
Dashen,bad specialy at weekends,1,2025-09-07 08:58:16,Google Play,2026-04-15
Dashen,"I am very disappointed with the Dashin Bank Super App. The app does not allow me to withdraw 50 birr or can't transfer money and even I can't use it to buy airtime. This makes me feel like my 50 birr is no longer my money, but the bank’s money, since I cannot access or use it freely. According to the National Bank of Ethiopia (NBE), the rule is that 100 birr is not withdrawable, but it can be used to buy airtime or transferred to friends. Dashin Bank’s restriction goes beyond this rule and unfa",1,2025-09-06 21:39:00,Google Play,2026-04-15
Dashen,It is good apps but it needs strong network,5,2025-09-06 21:20:38,Google Play,2026-04-15
Dashen,very slow,3,2025-09-06 19:23:04,Google Play,2026-04-15
Dashen,The app doesn't allow to switch between accounts. Why is it not possible to use two accounts on the same app even if the accounts have been opened at different branch?,2,2025-09-06 13:26:33,Google Play,2026-04-15
Dashen,lacag inaad amaahisan somalida maxaad ku diiden,5,2025-09-05 19:21:39,Google Play,2026-04-15
Dashen,Dashin mobile banking is become worest app like others Ethiopian bank apps. Amole was the best app ever I used. It was so flexible & reliable to use. and the best app user can login with new device without go to bank physically.,1,2025-09-05 05:44:53,Google Play,2026-04-15
Dashen,"The app has potential, but the QR payment feature is disappointing. The scanner doesn’t work, and even though there’s an option to select a QR code from the gallery, it doesn’t function either. This makes paying with QR codes almost impossible. Fixing this would really improve the app.",3,2025-09-04 13:17:54,Google Play,2026-04-15
Dashen,"very slow and failed transaction multiple times, previous app was much better!!",2,2025-09-04 11:19:13,Google Play,2026-04-15
Dashen,great 👍,5,2025-09-02 09:11:07,Google Play,2026-04-15
Dashen,"""super Idiot app"" 1.it forced me to off many of my phone settings like developers option. 2.Never works fastly. 3.It needs multiple click. 4. Doesn't notify if received money & many many more *** The worst mobile app ever expanded***",1,2025-09-01 17:18:19,Google Play,2026-04-15
Dashen,dashin bank,5,2025-08-30 17:57:00,Google Play,2026-04-15
Dashen,muhaammad bakko,5,2025-08-30 17:44:40,Google Play,2026-04-15
Dashen,goog,5,2025-08-29 10:43:18,Google Play,2026-04-15
Dashen,un functional app,1,2025-08-29 09:35:13,Google Play,2026-04-15
Dashen,trnes far,5,2025-08-27 21:01:32,Google Play,2026-04-15
Dashen,shimalis,4,2025-08-25 10:05:53,Google Play,2026-04-15
Dashen,አሪፍ ነው ግን ደረሰኙ የተቀባይ አካውንት እና ስም አያሳይም ።,3,2025-08-24 19:40:33,Google Play,2026-04-15
Dashen,excellent mobile banking digital,5,2025-08-24 17:13:51,Google Play,2026-04-15
Dashen,"Excellent, and it's truly a super app!",5,2025-08-24 16:44:45,Google Play,2026-04-15
Dashen,very nice app,5,2025-08-23 14:25:39,Google Play,2026-04-15
Dashen,can't access as will if it's super and can't even access the service when you need it's a big failure,1,2025-08-22 23:04:15,Google Play,2026-04-15
Dashen,seche,1,2025-08-22 15:01:18,Google Play,2026-04-15
Dashen,very fast bank,5,2025-08-22 14:10:13,Google Play,2026-04-15
Dashen,good and well,5,2025-08-22 11:34:35,Google Play,2026-04-15
Dashen,what a bank it is,5,2025-08-22 06:18:13,Google Play,2026-04-15
Dashen,Dashen Super App contains extended selections for customers and can be easily accessible and also friendly to use.,2,2025-08-21 10:16:41,Google Play,2026-04-15
Dashen,nic,5,2025-08-20 18:02:43,Google Play,2026-04-15
Dashen,easy to use and the best one,5,2025-08-17 07:23:10,Google Play,2026-04-15
Dashen,it is totally work of failure. I personally prefer dashen amole instead of this super dull app.,1,2025-08-16 19:26:30,Google Play,2026-04-15
Dashen,very good app,5,2025-08-16 10:31:18,Google Play,2026-04-15
Dashen,The worst banking app in Ethiopia. It forces you to change your PIN every three months.,1,2025-08-16 10:29:15,Google Play,2026-04-15
Dashen,አሪፍ,5,2025-08-15 13:46:31,Google Play,2026-04-15
Dashen,best but USSD is necessary,5,2025-08-15 13:38:28,Google Play,2026-04-15
Dashen,"one step forward, Ethiopian bank and e commerce industry",5,2025-08-15 11:45:06,Google Play,2026-04-15
Dashen,still it's essay for user,4,2025-08-15 11:04:31,Google Play,2026-04-15
Dashen,"Great app, unfortunately I struggle to use it from outside Ethiopia. It tells me ""VPN enabled please disable VPN to continue using the app"". And that's happening without any VPN enabled. I think I will need to switch back to CBE because I need access to my bank account globally.",1,2025-08-15 09:09:12,Google Play,2026-04-15
Dashen,"It was easy enough before. but now it won't even open , why? pls help if possible. The email address you provided under the App support also can't be found by Gmail. pls respond.",3,2025-08-14 20:00:15,Google Play,2026-04-15
Dashen,"There are plenty of features missed e. g electricity bill, water bill payments",2,2025-08-14 15:16:24,Google Play,2026-04-15
Dashen,የሶፍትዌሩ ለአጠቃቀም ምቹና ቀላል መሆኑ ተመራጭ ያደርገዋል,5,2025-08-14 13:56:25,Google Play,2026-04-15
Dashen,በጣም ችግር አለበት,1,2025-08-14 12:45:15,Google Play,2026-04-15
Dashen,great 👍 app,5,2025-08-13 20:49:54,Google Play,2026-04-15
Dashen,"its a very low quality and slow application, very unreliable in times of need",1,2025-08-13 14:53:27,Google Play,2026-04-15
Dashen,very poor and time taking to use,1,2025-08-13 11:05:26,Google Play,2026-04-15
Dashen,it is the best app ever i have seen Dashen bank always one step a head!!!!,5,2025-08-13 11:01:50,Google Play,2026-04-15
Dashen,the new version is so good I like it,5,2025-08-13 10:30:06,Google Play,2026-04-15
Dashen,good job my dashen super app,5,2025-08-12 21:33:21,Google Play,2026-04-15
Dashen,Some connection issues,3,2025-08-12 21:15:33,Google Play,2026-04-15
Dashen,verry slow app 🤢,1,2025-08-12 18:51:06,Google Play,2026-04-15
Dashen,best bauget app,5,2025-08-12 17:51:24,Google Play,2026-04-15
Dashen,its good but he said uptede me 😠🤕,2,2025-08-12 17:11:46,Google Play,2026-04-15
Dashen,network issue,1,2025-08-12 13:09:29,Google Play,2026-04-15
Dashen,እንጠቀምበት,5,2025-08-12 12:53:26,Google Play,2026-04-15
Dashen,fast and easy to use great App.,5,2025-08-12 11:05:02,Google Play,2026-04-15
Dashen,Best Performing and Fast Financial app,5,2025-08-12 10:46:38,Google Play,2026-04-15
Dashen,well done keep it up,5,2025-08-12 10:25:32,Google Play,2026-04-15
Dashen,good but it takes forever to load,3,2025-08-12 08:47:08,Google Play,2026-04-15
Dashen,"It's very good, but there are some things that need to be improved by (speed & receipt view) to be competitive with the companies in the country, i.e.cbe&telebirr.",4,2025-08-12 02:42:55,Google Play,2026-04-15
Dashen,my favorite 💗💗💗,5,2025-08-11 18:37:06,Google Play,2026-04-15
Dashen,Good app,5,2025-08-11 18:35:05,Google Play,2026-04-15
Dashen,"This is boring Mobile banking app, it is not work properly .so slow!",1,2025-08-11 15:19:55,Google Play,2026-04-15
Dashen,"improve the app, please. it is not working. It says response timeout",1,2025-08-10 12:22:45,Google Play,2026-04-15
Dashen,modern perfect app interface with the best banking tools 👏,5,2025-08-09 01:46:45,Google Play,2026-04-15
Dashen,"poor, glitch stack",1,2025-08-07 10:19:11,Google Play,2026-04-15
Dashen,slowest banking app ever used,3,2025-08-07 09:37:19,Google Play,2026-04-15
Dashen,Dashen Bank super app is the best app,5,2025-08-05 07:33:33,Google Play,2026-04-15
Dashen,would most likely rate it even less but it does have it's perks. But for the most part the whole app is filled with bugs and it stops being responsive almost everytime. Besides some new features and the new UI design I most definitely prefer the old amole Version. either fix this mess or bring back Amole,2,2025-08-01 13:51:18,Google Play,2026-04-15
Dashen,sometimes is not working to be honest,1,2025-08-01 13:29:39,Google Play,2026-04-15
Dashen,Why isn't this app working?,5,2025-07-29 17:41:54,Google Play,2026-04-15
Dashen,network error,5,2025-07-29 15:40:00,Google Play,2026-04-15
Dashen,fast,5,2025-07-29 13:15:52,Google Play,2026-04-15
Dashen,100 good,5,2025-07-29 12:08:16,Google Play,2026-04-15
Dashen,It stop working most of the time.,2,2025-07-28 22:45:55,Google Play,2026-04-15
Dashen,i were smothely using the app for the last 5 month but somehow its not working to now so what shall i do it becames like i can open the app even i can't open it if u have solution's pls help me kindly tnx,1,2025-07-28 16:53:16,Google Play,2026-04-15
Dashen,Best app,5,2025-07-25 20:56:56,Google Play,2026-04-15
Dashen,"Simple for usage and well designed, attractive in its visual design, ""Always One Step Ahead""",5,2025-07-24 16:10:00,Google Play,2026-04-15
Dashen,amazing product,5,2025-07-23 23:44:55,Google Play,2026-04-15
Dashen,"this app is not good and compatible with other Ethiopian bank apps, it is not fast, is stacks sometimes ,even some days it stops working at all.",1,2025-07-23 21:29:33,Google Play,2026-04-15
Dashen,like it,5,2025-07-22 19:44:58,Google Play,2026-04-15
Dashen,Great always one step ahead and most reliable bank,5,2025-07-22 17:55:13,Google Play,2026-04-15
Dashen,u need to start cash out service,4,2025-07-22 11:34:11,Google Play,2026-04-15
Dashen,all in one super app,5,2025-07-21 11:16:00,Google Play,2026-04-15
Dashen,Fayla,5,2025-07-20 22:07:29,Google Play,2026-04-15
Dashen,"The app even in its' first phase is too far one step booster that enables a user to perform a seamless Banking service with multi step security features at his/her comfort zone. It really assured that Dashen Bank is living the Logo ""ALWAYS ONE STEP AHEAD""",5,2025-07-20 11:12:52,Google Play,2026-04-15
Dashen,ይሄ App ደስ ይላል ሁላችሁም አውርዱት እላለሁ🤭,5,2025-07-19 15:30:14,Google Play,2026-04-15
Dashen,"Best App .. Good job, Dashen Bank",5,2025-07-16 20:21:57,Google Play,2026-04-15
Dashen,good application,5,2025-07-15 20:05:53,Google Play,2026-04-15
Dashen,Excellent App ...,5,2025-07-15 18:51:50,Google Play,2026-04-15
Dashen,the worst app I have ever seen,1,2025-07-14 13:06:30,Google Play,2026-04-15
Dashen,very good compared to Amole!,5,2025-07-13 23:08:44,Google Play,2026-04-15
Dashen,"while it's very secure, it is very slower than other mobile banking apps. it is very lazy app!",2,2025-07-12 19:08:02,Google Play,2026-04-15
Dashen,👍😊😊😊,5,2025-07-12 13:55:27,Google Play,2026-04-15
Dashen,Great application,5,2025-07-12 00:25:14,Google Play,2026-04-15
Dashen,I am entreated app.,5,2025-07-09 13:48:13,Google Play,2026-04-15
Dashen,Cannot list the number of bugs with this pile of human waste. The absolute worst banking app I have ever used. 50 steps backwards. DO NOT RECOMMEND.,1,2025-07-02 18:23:48,Google Play,2026-04-15
Dashen,best app with best bank,5,2025-07-02 14:20:06,Google Play,2026-04-15
Dashen,alway slow loading,1,2025-06-30 15:02:41,Google Play,2026-04-15
Dashen,"worst app ever and by any chance your account is deactivated, you are doomed",1,2025-06-27 10:12:57,Google Play,2026-04-15
Dashen,Ethiopian amazing`s Dashen Bank🤝👌,3,2025-06-25 17:29:52,Google Play,2026-04-15
Dashen,"It's an unpredictable app, I can't make transactions, and now I can't even get the OTP! So it's going from bad to worse! Thank goodness the Amole Dashen app still exists.",1,2025-06-25 12:09:46,Google Play,2026-04-15
Dashen,nice app but limit up to max 600000,5,2025-06-24 15:18:13,Google Play,2026-04-15
Dashen,Super,5,2025-06-21 16:27:12,Google Play,2026-04-15
Dashen,"I would be happy if I got a withdraw system in the application. Otherwise, everything is fine for me",4,2025-06-18 11:55:03,Google Play,2026-04-15
Dashen,nice app but transaction limet not enough,5,2025-06-17 10:01:54,Google Play,2026-04-15
